SCHOOL NO.,ENGLISH CATEGORY,ENGLISH NAME,ENGLISH ADDRESS,LONGITUDE,LATITUDE,EASTING,NORTHING,STUDENTS GENDER,SESSION,DISTRICT
190144000133 ,Aided Secondary Schools,TSUEN WAN PUB HO CHUEN YIU MEMORIAL COLL,ESTATE SECONDARY SCHOOL NO 1 SHEK WAI KOK ESTATE TSUEN WAN NEW TERRITORIES,114-7-34,22-22-33,831032,826295,CO-ED,WHOLE DAY,TSUEN WAN
545198000133 ,Aided Secondary Schools,ELEGANTIA COLLEGE (SPONSORED BY ED CONV),"8, CHING SHING ROAD, SHEUNG SHUI NEW TERRITORIES",114-7-26,22-29-34,830822,839238.2,CO-ED,WHOLE DAY,NORTH
230855000133 ,Aided Secondary Schools,KWAI CHUNG METHODIST COLLEGE,ESTATE SECONDARY SCHOOL LAI YIU ESTATE HA KWAI CHUNG NEW TERRITORIES (INCLUDING P001 P002 & P003),114-7-49,22-21-9,831460.4,823708.5,CO-ED,WHOLE DAY,KWAI TSING
530441000133 ,Aided Secondary Schools,YCH WONG WHA SAN SECONDARY SCHOOL,8 TONG CHUN STREET TSEUNG KWAN O NEW TERRITORIES,114-15-36,22-18-34,844830,818936,CO-ED,WHOLE DAY,SAI KUNG
170810000233 ,Aided Secondary Schools,METHODIST CHURCH HK WESLEY COLLEGE,33 SIU SAI WAN ROAD CHAI WAN HONG KONG,114-15-6,22-15-51,843966.6,813919.4,CO-ED,WHOLE DAY,EASTERN
270172000133 ,Aided Secondary Schools,BUDDHIST HO NAM KAM COLLEGE,3 KO CHIU ROAD KWUN TONG KOWLOON & ANNEX BLOCK AT NO 3 KO CHIU ROAD NKIL 5915 YAU TONG KOWLOON,114-14-22,22-18-2,842712.7,817965.2,CO-ED,WHOLE DAY,KWUN TONG
270032000133 ,Aided Secondary Schools,CARITAS TUEN MUN MARDEN FDN SEC SCH,3 WONG YIN STREET TUEN MUN NEW TERRITORIES,113-58-1,22-24-5,814653,829137,CO-ED,WHOLE DAY,TUEN MUN
513067000133 ,Aided Secondary Schools,NG YUK SECONDARY SCHOOL,SUN CHUI ESTATE SHATIN NEW TERRITORIES,114-10-53,22-22-21,836728,825909,CO-ED,WHOLE DAY,SHA TIN
190586000133 ,Aided Secondary Schools,PLK TANG YUK TIEN COLLEGE,ESTATE SECONDARY SCHOOL NO. 4 WU KING ESTATE AREA 28 TUEN MUN NEW TERRITORIES & NEW ANNEX BUILDING,113-57-53,22-22-37,814412.9,826442.3,CO-ED,WHOLE DAY,TUEN MUN
190250000133 ,Aided Secondary Schools,CCC KEI LONG COLLEGE,8 FUNG YAU STREET SOUTH YUEN LONG NEW TERRITORIES,114-2-4,22-26-29,821593,833544,CO-ED,WHOLE DAY,YUEN LONG
270105000133 ,Aided Secondary Schools,HO NGAI COLL (SPONSORED BY SIK SIK YUEN),8 OI MING LANE TUEN MUN NEW TERRITORIES,113-58-28,22-23-22,815423,827825,CO-ED,WHOLE DAY,TUEN MUN
190454000133 ,Aided Secondary Schools,YOT CHAN WONG SUK FONG MEM SEC SCH,NO 2 WONG YIN STREET TUEN MUN NEW TERRITORIES,113-58-1,22-24-8,814645,829232,CO-ED,WHOLE DAY,TUEN MUN
522090000133 ,Aided Secondary Schools,STFA CHENG YU TUNG SECONDARY SCHOOL,9 HOK LAM LANE TSEUNG KWAN O NEW TERRITORIES,114-15-33,22-19-13,844748,820129,CO-ED,WHOLE DAY,SAI KUNG
132047000133 ,Aided Secondary Schools,TRUE LIGHT MIDDLE SCHOOL OF HONG KONG,50 TAI HANG ROAD HONG KONG,114-11-39,22-16-33,838046,815221,GIRLS,WHOLE DAY,WAN CHAI
270180000133 ,Aided Secondary Schools,YCH TUNG CHI YING MEM SEC SCHOOL,210 MA ON SHAN ROAD MA ON SHAN SHATIN NEW TERRITORIES,114-14-5,22-25-26,842210,831615,CO-ED,WHOLE DAY,SHA TIN
230456000133 ,Aided Secondary Schools,SHEK LEI CATHOLIC SECONDARY SCHOOL,23-31 ON CHIT STREET SHEK YAM KWAI CHUNG NEW TERRITORIES (EXCLUDING SUPERVISOR'S ROOM ON G/F CHAPEL ON 1/F & HEADMASTER'S FLAT ON 4/F),114-8-26,22-22-18,832526.9,825837.5,CO-ED,WHOLE DAY,KWAI TSING
190063000133 ,Aided Secondary Schools,MADAM LAU KAM LUNG SEC SCH OF MFBM,"22 CASTLE PEAK ROAD LAM TEI , TUEN MUN NEW TERRITORIES",113-59-5,22-25-13,816473,831229,GIRLS,WHOLE DAY,TUEN MUN
170291000133 ,Aided Secondary Schools,CHEUNG SHA WAN CATHOLIC SECONDARY SCHOOL,533 FUK WING STREET CHEUNG SHA WAN KOWLOON,114-9-14,22-20-19,833902,822167,BOYS,WHOLE DAY,SHAM SHUI PO
523208000133 ,Aided Secondary Schools,TWGHS MR & MRS KWONG SIK KWAN COLLEGE,CHUNG LING PATH TUEN MUN NEW TERRITORIES,113-58-19,22-24-31,815180,829931,CO-ED,WHOLE DAY,TUEN MUN
170682000133 ,Aided Secondary Schools,LEUNG SHEK CHEE COLLEGE,80 HIU KWONG STREET KWUN TONG KOWLOON,114-13-59,22-18-52,842056,819511,GIRLS,WHOLE DAY,KWUN TONG
552666000133 ,Aided Secondary Schools,HHCKLA BUDDHIST CHING KOK SEC SCH,"38 CHUI LING ROAD, TIU KENG LENG TSEUNG KWAN O NEW TERRITORIES",114-14-58,22-18-25,843747,818680,CO-ED,WHOLE DAY,SAI KUNG
210277000133 ,Aided Secondary Schools,ST FRANCIS XAVIER'S COLLEGE,45 SYCAMORE STREET TAI KOK TSUI KOWLOON,114-9-48,22-19-32,834868,820712,BOYS,WHOLE DAY,YAU TSIM MONG
170542000133 ,Aided Secondary Schools,SKH LAM WOO MEMORIAL SECONDARY SCHOOL,397 KWAI SHING CIRCUIT KWAI CHUNG NEW TERRITORIES,114-7-50,22-21-54,831484,825106,CO-ED,WHOLE DAY,KWAI TSING
190217000133 ,Aided Secondary Schools,BUDDHIST KOK KWONG SECONDARY SCHOOL,SHA KOK ESTATE SHATIN NEW TERRITORIES,114-11-38,22-22-47,838016,826738,CO-ED,WHOLE DAY,SHA TIN
230057000133 ,Aided Secondary Schools,SHUNG TAK CATHOLIC ENGLISH COLLEGE,1 HUNG TAK ROAD HUNG SHUI KIU YUEN LONG NEW TERRITORIES,113-59-56,22-26-2,817950.8,832727,CO-ED,WHOLE DAY,YUEN LONG
170429000233 ,Aided Secondary Schools,PO CHIU CATHOLIC SECONDARY SCHOOL,NO.1 PO CHIU ROAD YAU TONG KOWLOON,114-14-17,22-17-53,842570,817695,CO-ED,WHOLE DAY,KWUN TONG
522058000133 ,Aided Secondary Schools,PLK MRS MA KAM MING CHEUNG FOOK SIEN COL,FU TUNG ESTATE TUNG CHUNG LANTAU ISLAND NEW TERRITORIES,113-56-39,22-17-15,812276,816543,CO-ED,WHOLE DAY,ISLANDS
214981000133 ,Aided Secondary Schools,YU CHUN KEUNG MEMORIAL COLLEGE NO.2,1 CHI FU CLOSE POKFULAM HONG KONG,114-8-16,22-15-24,832242,813097,CO-ED,WHOLE DAY,SOUTHERN
135011000133 ,Aided Secondary Schools,HK & KLN CHIU CHOW PUB ASSN SEC SCHOOL,150 SAI YEE STREET MONG KOK KOWLOON,114-10-18,22-19-19,835718.5,820312.5,CO-ED,WHOLE DAY,YAU TSIM MONG
541168000133 ,Aided Secondary Schools,STFA YUNG YAU COLLEGE,"SECONDARY SCHOOL IN AREA 110 PHASE 4 TIN SHUI WAI, YUEN LONG NEW TERRITORIES",113-59-59,22-28-15,818037,836823,CO-ED,WHOLE DAY,YUEN LONG
213292000133 ,Aided Secondary Schools,PHC WING KWONG COLLEGE,155 LUNG CHEUNG ROAD WANG TAU HOM KOWLOON,114-11-21,22-20-31,837544,822536,CO-ED,WHOLE DAY,WONG TAI SIN
190691000133 ,Aided Secondary Schools,SAN WUI COMMERCIAL SOCIETY SEC SCH,"ESTATE SECONDARY SCHOOL LEUNG KING ESTATE, AREA 1 TUEN MUN NEW TERRITORIES",113-57-46,22-24-28,814229,829855,CO-ED,WHOLE DAY,TUEN MUN
133124000133 ,Aided Secondary Schools,CANOSSA COLLEGE,10 HOI CHAK STREET QUARRY BAY HONG KONG,114-12-39,22-17-22,839767,816741,GIRLS,WHOLE DAY,EASTERN
541850000233 ,Aided Secondary Schools,PLK CELINE HO YAM TONG COLLEGE,NO 176 PO KONG VILLAGE ROAD WONG TAI SIN KOWLOON,114-12-14,22-20-42,839053,822868,CO-ED,WHOLE DAY,WONG TAI SIN
516988000233 ,Aided Secondary Schools,TWGH LUI YUN CHOY MEMORIAL COLLEGE,8 YUK NGA LANE TSEUNG KWAN O NEW TERRITORIES,114-15-20,22-19-28,844362,820606,CO-ED,WHOLE DAY,SAI KUNG
230804000133 ,Aided Secondary Schools,KIANGSU-CHEKIANG COLLEGE (SHATIN),WO CHE ESTATE 7 FUNG SHUN STREET SHATIN NEW TERRITORIES,114-11-39,22-23-19,838059.4,827721.8,CO-ED,WHOLE DAY,SHA TIN
524530000133 ,Aided Secondary Schools,BUDDHIST MAU FUNG MEMORIAL COLLEGE,18 TIN PAK ROAD TIN SHUI WAI NEW TERRITORIES,114-0-28,22-27-21,818873,835147,CO-ED,WHOLE DAY,YUEN LONG
230812000133 ,Aided Secondary Schools,TWGH MRS FUNG WONG FUNG TING COLLEGE,LEK YUEN ESTATE SHATIN NEW TERRITORIES,114-11-34,22-23-5,837913,827271,CO-ED,WHOLE DAY,SHA TIN
250740000133 ,Aided Secondary Schools,TWGH CY MA MEMORIAL COLLEGE,"YAU SHIN STREET AU TAU, YUEN LONG NEW TERRITORIES",114-2-44,22-26-36,822739,833776,CO-ED,WHOLE DAY,YUEN LONG
316377000133 ,Aided Secondary Schools,PUI TAK CANOSSIAN COLLEGE,200 PEEL RISE ABERDEEN HONG KONG,114-9-21,22-15-1,834097,812400,GIRLS,WHOLE DAY,SOUTHERN
190160000133 ,Aided Secondary Schools,CHRISTIAN ALLIANCE S C CHAN MEM COLL,7 YAU OI ROAD YAU OI ESTATE TUEN MUN NEW TERRITORIES,113-58-20,22-23-13,815205,827546,CO-ED,WHOLE DAY,TUEN MUN
230790000133 ,Aided Secondary Schools,SKH TSANG SHIU TIM SECONDARY SCHOOL,WO CHE ESTATE SHATIN NEW TERRITORIES,114-11-42,22-23-12,838134,827501,CO-ED,WHOLE DAY,SHA TIN
170976000133 ,Aided Secondary Schools,KO LUI SECONDARY SCHOOL,9 WO HONG PATH KWUN TONG KOWLOON,114-13-32,22-19-19,841297,820314,CO-ED,WHOLE DAY,KWUN TONG
212431000133 ,Aided Secondary Schools,COGNITIO COLLEGE (HONG KONG),4 SUI MAN ROAD CHAI WAN HONG KONG,114-14-1,22-15-43,842103,813682,CO-ED,WHOLE DAY,EASTERN
170500000133 ,Aided Secondary Schools,OUR LADY OF THE ROSARY COLLEGE,22 ROSE STREET YAU YAT CHUEN KOWLOON,114-10-22,22-19-59,835838,821545,GIRLS,WHOLE DAY,SHAM SHUI PO
190110000133 ,Aided Secondary Schools,TWGH CHEN ZAO MEN COLLEGE,"1-5 KWAI HOP STREET KWAI SHING, KWAI CHUNG NEW TERRITORIES",114-7-44,22-21-52,831324,825029,CO-ED,WHOLE DAY,KWAI TSING
190373000133 ,Aided Secondary Schools,TWGH KAP YAN DIRECTORS' COLLEGE,CHOI YUEN ESTATE SHEUNG SHUI NEW TERRITORIES,114-7-47,22-29-57,831404,839950,CO-ED,WHOLE DAY,NORTH
190845000133 ,Aided Secondary Schools,HHCKLA BUDDHIST MA KAM CHAN MEM ENG SE S,LUEN WO MARKET 9 LUEN YICK STREET FANLING NEW TERRITORIES,114-8-29,22-29-53,832614,839834,CO-ED,WHOLE DAY,NORTH
230766000133 ,Aided Secondary Schools,LOK SIN TONG KU CHIU MAN SEC SCH,301 KWAI SHING CIRCUIT KWAI CHUNG NEW TERRITORIES,114-7-26,22-21-38,830798,824612,CO-ED,WHOLE DAY,KWAI TSING
270083000133 ,Aided Secondary Schools,PLK C W CHU COLLEGE,LUNG HANG ESTATE TAI WAI SHATIN NEW TERRITORIES (EXCEPT ROOM 09WR G/F ROOMS 45-45A 4/F AND ROOMS 57-57A 5/F (MONDAYS-FRIDAYS 3:30P.M.-9:30P.M. SATURDAYS-SUNDAYS & PUBLIC HOLIDAYS 8:00A.M.-7:00P.M.)),114-10-44,22-22-4,836462.6,825414.6,CO-ED,WHOLE DAY,SHA TIN
516970000133 ,Aided Secondary Schools,YUEN LONG CATHOLIC SECONDARY SCHOOL,201 CASTLE PEAK ROAD SHUI PIN WAI TSUEN YUEN LONG NEW TERRITORIES ANNEX BUILDING 201 CASTLE PEAK ROAD SHUI PIN WAI TSUEN YUEN LONG NEW TERRITORIES,114-1-15,22-26-42,820200.7,833954.4,CO-ED,WHOLE DAY,YUEN LONG
536547000233 ,Aided Secondary Schools,TUNG CHUNG CATHOLIC SCHOOL,YAT TUNG (2) ESTATE 8 YAT TUNG STREET TUNG CHUNG LANTAU ISLAND NEW TERRITORIES,113-56-8,22-16-59,811402,816029,CO-ED,WHOLE DAY,ISLANDS
283495000233 ,Aided Secondary Schools,CARITAS WU CHENG-CHUNG SECONDARY SCHOOL,8 NORTHCOTE CLOSE POKFULAM HONG KONG,114-7-47,22-16-4,831405.4,814326.4,CO-ED,WHOLE DAY,SOUTHERN
512834000133 ,Aided Secondary Schools,MARYKNOLL FATHERS' SCHOOL,2 TO YUEN STREET SHAMSHUIPO KOWLOON,114-10-24,22-20-2,835909,821653,CO-ED,WHOLE DAY,SHAM SHUI PO
210390000133 ,Aided Secondary Schools,CHINESE YMCA COLLEGE,HENG ON ESTATE MA ON SHAN SHATIN NEW TERRITORIES,114-13-36,22-25-6,841408,830998,CO-ED,WHOLE DAY,SHA TIN
190268000133 ,Aided Secondary Schools,BUDDHIST WONG WAN TIN COLLEGE,MEI LAM ESTATE SHATIN NEW TERRITORIES,114-10-41,22-22-41,836388,826546,CO-ED,WHOLE DAY,SHA TIN
516961000133 ,Aided Secondary Schools,FORTRESS HILL METHODIST SECONDARY SCHOOL,19 FORTRESS HILL ROAD NORTH POINT HONG KONG,114-11-44,22-17-19,838192,816640,CO-ED,WHOLE DAY,EASTERN
514128000133 ,Aided Secondary Schools,ST MARY'S CANOSSIAN COLLEGE,162 AUSTIN ROAD KOWLOON,114-10-35,22-18-10,836213,818217.3,GIRLS,WHOLE DAY,YAU TSIM MONG
510459000133 ,Aided Secondary Schools,ST JOSEPH'S COLLEGE,7 KENNEDY ROAD CENTRAL HONG KONG,114-9-32,22-16-35,834405,815286,BOYS,WHOLE DAY,CENTRAL AND WESTERN
132756000133 ,Aided Secondary Schools,CONCORDIA LUTHERAN SCHOOL,12 TAI HANG TUNG ROAD KOWLOON (EXCLUDING LOWER BLOCK PREMISE UNDER RE-DEVELOPMENT PROGRAMME),114-10-20,22-19-50,835778,821293,CO-ED,WHOLE DAY,SHAM SHUI PO
270199000133 ,Aided Secondary Schools,PLK HO YUK CHING (1984) COLLEGE         ,2 CHAP FUK ROAD TSEUNG KWAN O NEW TERRITORIES,114-15-58,22-19-12,845459,820115,CO-ED,WHOLE DAY,SAI KUNG
190896000233 ,Aided Secondary Schools,HK TEACHERS' ASSN LEE HENG KWEI SEC SCH,WAN TAU TONG ESTATE TAI PO NEW TERRITORIES,114-10-10,22-26-33,835515,833679,CO-ED,WHOLE DAY,TAI PO
210137000133 ,Aided Secondary Schools,TSUNG TSIN COLLEGE,9 LEUNG CHOI LANE TUEN MUN NEW TERRITORIES,113-58-5,22-24-12,814767,829349,CO-ED,WHOLE DAY,TUEN MUN
524573000133 ,Aided Secondary Schools,CARMEL HOLY WORD SECONDARY SCHOOL,10 TAI PO TAI WO ROAD TAI PO NEW TERRITORIES,114-9-37,22-27-10,834573.6,834810.2,CO-ED,WHOLE DAY,TAI PO
536580000133 ,Aided Secondary Schools,TIN SHUI WAI METHODIST COLLEGE,"AREA 102, TIN SHUI WAI PHASE 4 (SECONDARY SCHOOL 1) YUEN LONG NEW TERRITORIES",113-59-59,22-27-51,818046,836087,CO-ED,WHOLE DAY,YUEN LONG
170461000133 ,Aided Secondary Schools,PLK NO.1 WH CHEUNG COLLEGE,173 PO KONG VILLAGE ROAD TSZ WAN SHAN KOWLOON,114-12-20,22-20-47,839234,823025,CO-ED,WHOLE DAY,WONG TAI SIN
190101000133 ,Aided Secondary Schools,BUDDHIST SIN TAK COLLEGE,5 HING SHING ROAD KWAI CHUNG NEW TERRITORIES,114-7-48,22-21-44,831426,824789,CO-ED,WHOLE DAY,KWAI TSING
170453000133 ,Aided Secondary Schools,LOK SIN TONG YU KAN HING SEC SCHOOL,3 FU YUE STREET WANG TAU HOM KOWLOON,114-11-7,22-20-30,837124,822501,CO-ED,WHOLE DAY,WONG TAI SIN
230286000233 ,Aided Secondary Schools,JU CHING CHU SEC SCH (YUEN LONG),"5 TIN WU ROAD TIN SHUI WAI, YUEN LONG NEW TERRITORIES",114-0-11,22-27-13,818380,834911,CO-ED,WHOLE DAY,YUEN LONG
190640000133 ,Aided Secondary Schools,YAN OI TONG TIN KA PING SECONDARY SCHOOL,ESTATE SECONDARY SCHOOL NO. 1 SHAN KING ESTATE TUEN MUN NEW TERRITORIES,113-57-52,22-23-47,814393,828592,CO-ED,WHOLE DAY,TUEN MUN
512605000233 ,Aided Secondary Schools,LAI CHACK MIDDLE SCHOOL,NEW EXTENSION BLOCK SCOUT PATH KOWLOON,114-10-9,22-18-8,835460,818129,CO-ED,WHOLE DAY,YAU TSIM MONG
529788000133 ,Aided Secondary Schools,JOCKEY CLUB EDUYOUNG COLLEGE,"AREA 31, PHASE 1, TIN SHUI WAI YUEN LONG NEW TERRITORIES",113-59-57,22-27-37,817989,835643,CO-ED,WHOLE DAY,YUEN LONG
170178000133 ,Aided Secondary Schools,CONCORDIA LUTHERAN SCHOOL - NORTH POINT,20 CLOUD VIEW ROAD HONG KONG,114-11-40,22-17-6,838074,816226,CO-ED,WHOLE DAY,EASTERN
214485000233 ,Aided Secondary Schools,ABERDEEN BAPTIST LUI MING CHOI COLLEGE,18 LEI TUNG ESTATE RD AP LEI CHAU HONG KONG,114-9-20,22-14-32,834057.1,811500.1,CO-ED,WHOLE DAY,SOUTHERN
230740000133 ,Aided Secondary Schools,STFA LEE SHAU KEE COLLEGE,303 KWAI SHING CIRCUIT KWAI CHUNG NEW TERRITORIES,114-7-28,22-21-39,830880,824636,CO-ED,WHOLE DAY,KWAI TSING
230863000133 ,Aided Secondary Schools,LAI KING CATHOLIC SECONDARY SCHOOL,ESTATE SCHOOL NO. 1 LAI KING ESTATE KWAI CHUNG NEW TERRITORIES,114-7-38,22-21-10,831140,823742,CO-ED,WHOLE DAY,KWAI TSING
518417000133 ,Aided Secondary Schools,SPHRC KUNG YIK SHE SECONDARY SCHOOL,"20 TIN SHING ROAD TIN SHUI WAI, YUEN LONG NEW TERRITORIES",114-0-12,22-27-37,818419,835664,CO-ED,WHOLE DAY,YUEN LONG
170933000133 ,Aided Secondary Schools,HKTA CHING CHUNG SECONDARY SCHOOL,"4 HIU YUK PATH, SAU MAU PING KWUN TONG KOWLOON",114-13-58,22-18-51,842027,819464,CO-ED,WHOLE DAY,KWUN TONG
230820000133 ,Aided Secondary Schools,BAPTIST LUI MING CHOI SECONDARY SCHOOL,ESTATE SECONDARY SCHOOL NO 2 LEK YUEN ESTATE SHATIN NEW TERRITORIES,114-11-36,22-23-6,837976,827318.1,CO-ED,WHOLE DAY,SHA TIN
521981000133 ,Aided Secondary Schools,SMKMCF MA KO PAN MEM COLLEGE,17 SHEK PAI TAU ROAD TUEN MUN NEW TERRITORIES,113-58-26,22-24-3,815357,829077,CO-ED,WHOLE DAY,TUEN MUN
230880000133 ,Aided Secondary Schools,CARMEL PAK U SECONDARY SCHOOL,ESTATE SECONDARY SCHOOL NO 1 TAI YUEN ESTATE TAI PO NEW TERRITORIES,114-10-17,22-27-17,835708.6,835035.1,CO-ED,WHOLE DAY,TAI PO
190306000133 ,Aided Secondary Schools,YCH LIM POR YEN SECONDARY SCHOOL,STANDARD SECONDARY SCHOOL NOS 145-165 TSUEN KING CIRCUIT TSUEN WAN NEW TERRITORIES,114-6-19,22-22-47,828901,826713,CO-ED,WHOLE DAY,TSUEN WAN
112810000133 ,Aided Secondary Schools,WONG SHIU CHI SECONDARY SCHOOL,182 KWONG FUK ROAD TAI PO NEW TERRITORIES,114-10-17,22-26-46,835712,834073,CO-ED,WHOLE DAY,TAI PO
190187000133 ,Aided Secondary Schools,SHA TIN METHODIST COLLEGE,ESTATE SECONDARY SCHOOL SUN TIN WAI ESTATE SHATIN AREA 10 NEW TERRITORIES,114-11-11,22-22-18,837261,825829,CO-ED,WHOLE DAY,SHA TIN
511854000133 ,Aided Secondary Schools,FUNG KAI NO.1 SECONDARY SCHOOL,17 JOCKEY CLUB ROAD SHEUNG SHUI NEW TERRITORIES,114-7-37,22-30-41,831142,841316,CO-ED,WHOLE DAY,NORTH
190497000133 ,Aided Secondary Schools,CHRISTIAN ALLIANCE CHENG WING GEE COLL,12-14 CHIK WAN STREET TAI WAI SHATIN NEW TERRITORIES,114-10-33,22-22-19,836147,825860,CO-ED,WHOLE DAY,SHA TIN
170755000133 ,Aided Secondary Schools,PLK WU CHUNG COLLEGE,HENG ON ESTATE MA ON SHAN SHATIN NEW TERRITORIES,114-13-38,22-24-57,841460,830737,CO-ED,WHOLE DAY,SHA TIN
517160000233 ,Aided Secondary Schools,HO KOON NATURE EDU CUM ASTRONOMICAL CTR,101 ROUTE TWISK TSO KUNG TAM PARK TSUEN WAN NEW TERRITORIES,114-6-29,22-23-1,829178,827164,CO-ED,WHOLE DAY,TSUEN WAN
213845000133 ,Aided Secondary Schools,HOLY TRINITY COLLEGE,3 WAI CHI STREET SHEK KIP MEI KOWLOON,114-10-6,22-19-57,835401,821481,GIRLS,WHOLE DAY,SHAM SHUI PO
190837000133 ,Aided Secondary Schools,CUHKFAA THOMAS CHEUNG SECONDARY SCHOOL,"TIN SHUI ESTATE TIN SHUI WAI, YUEN LONG NEW TERRITORIES",113-59-52,22-27-27,817844,835354,CO-ED,WHOLE DAY,YUEN LONG
190551000133 ,Aided Secondary Schools,HHCKLA BUDDHIST LEUNG CHIK WAI COLLEGE,ESTATE SECONDARY SCHOOL NO. 3 WU KING ESTATE TUEN MUN NEW TERRITORIES,113-57-53,22-22-40,814423,826522,CO-ED,WHOLE DAY,TUEN MUN
270121000133 ,Aided Secondary Schools,HKWMA CHU SHEK LUN SECONDARY SCHOOL,11 KAI LOK STREET KOWLOON BAY KOWLOON,114-12-41,22-19-39,839837.5,820934.8,CO-ED,WHOLE DAY,KWUN TONG
190403000133 ,Aided Secondary Schools,TWGH LI KA SHING COLLEGE,CHEUNG WAH ESTATE FANLING NEW TERRITORIES,114-8-36,22-29-34,832804,839230,CO-ED,WHOLE DAY,NORTH
512818000133 ,Aided Secondary Schools,MARYKNOLL CONVENT SCH (SECONDARY SECTION),5 HO TUNG ROAD KOWLOON TONG KOWLOON,114-10-49,22-19-42,836618,821018,GIRLS,WHOLE DAY,KOWLOON CITY
510475000133 ,Aided Secondary Schools,"WAH YAN COLLEGE, KOWLOON",56 WATERLOO ROAD KOWLOON,114-10-25,22-18-52,835921.6,819501.2,BOYS,WHOLE DAY,YAU TSIM MONG
283002000133 ,Aided Secondary Schools,SKH HOLY CARPENTER SECONDARY SCHOOL     ,10 TAI WAN ROAD HUNGHOM KOWLOON,114-11-17,22-18-28,837418,818755,CO-ED,WHOLE DAY,KOWLOON CITY
190594000133 ,Aided Secondary Schools,YPI&CA LEE LIM MING COLLEGE,ESTATE SECONDARY SCHOOL NO 2 SHAN KING ESTATE TUEN MUN NEW TERRITORIES,113-57-58,22-23-59,814579,828958,CO-ED,WHOLE DAY,TUEN MUN
230871000133 ,Aided Secondary Schools,SKH LI PING SECONDARY SCHOOL,450 WO YI HOP ROAD KWAI CHUNG NEW TERRITORIES,114-8-5,22-22-50,831914,826813,CO-ED,WHOLE DAY,TSUEN WAN
511943000133 ,Aided Secondary Schools,HENRIETTA SECONDARY SCHOOL,2 CITY GARDEN ROAD NORTH POINT HONG KONG,114-11-41,22-17-31,838109,816994,CO-ED,WHOLE DAY,EASTERN
190730000133 ,Aided Secondary Schools,HKRSS TAI PO SECONDARY SCHOOL,FU HENG ESTATE TAI PO NEW TERRITORIES,114-10-17,22-27-38,835690,835690,CO-ED,WHOLE DAY,TAI PO
171026000133 ,Aided Secondary Schools,PLK VICWOOD KT CHONG SIXTH FORM COLLEGE,12 WILLOW STREET TAI KOK TSUI KOWLOON (EXCLUDING WATCHMAN'S QUARTERS AND PE STORE ROOM ON G/F),114-9-49,22-19-30,834911.3,820661.6,CO-ED,WHOLE DAY,YAU TSIM MONG
171000000233 ,Aided Secondary Schools,LINGNAN HANG YEE MEMORIAL SECONDARY SCH,31 SIU SAI WAN ROAD CHAI WAN HONG KONG,114-15-4,22-15-48,843925,813847,CO-ED,WHOLE DAY,EASTERN
212067000133 ,Aided Secondary Schools,NEWMAN CATHOLIC COLLEGE,2 CLIFF ROAD YAUMATEI KOWLOON,114-10-19,22-18-39,835756,819080,BOYS,WHOLE DAY,YAU TSIM MONG
215040000133 ,Aided Secondary Schools,FDBWA SZETO HO SECONDARY SCHOOL,7 KAI TIN ROAD LAM TIN KOWLOON,114-14-6,22-18-23,842267.5,818605.4,CO-ED,WHOLE DAY,KWUN TONG
114120000133 ,Aided Secondary Schools,VALTORTA COLLEGE,PUI YIN LANE TAI PO NEW TERRITORIES,114-10-5,22-26-44,835356,834009,CO-ED,WHOLE DAY,TAI PO
511617000133 ,Aided Secondary Schools,CSBS MRS AW BOON HAW SEC SCH,"G/F TO 4/F AND LABORATORIES AT 5/F STANDARD SECONDARY SCHOOL 'B' 20 SIU LUN STREET TUEN MUN N TROOMS 501A-506A AT 5/F STANDARD SECONDARY SCHOOL ""B"" 20 SIU LUN STREET TUEN MUN N T",113-58-43,22-23-3,815860.4,827219.5,CO-ED,WHOLE DAY,TUEN MUN
541842000233 ,Aided Secondary Schools,YAN CHAI HOSPITAL LAW CHAN CHOR SI COLL,10 KAI LAI ROAD KOWLOON BAY KOWLOON,114-12-29,22-19-41,839480.5,821009.3,CO-ED,WHOLE DAY,KWUN TONG
170283000133 ,Aided Secondary Schools,TWGH LEE CHING DEA MEMORIAL COLLEGE,18 CLOUD VIEW ROAD NORTH POINT HONG KONG,114-11-39,22-17-7,838041,816251,CO-ED,WHOLE DAY,EASTERN
170402000133 ,Aided Secondary Schools,ST BONAVENTURE COLLEGE & HIGH SCHOOL,47 SHEUNG FUNG STREET TSZ WAN SHAN KOWLOON,114-11-51,22-20-46,838382,823006,CO-ED,WHOLE DAY,WONG TAI SIN
215139000133 ,Aided Secondary Schools,HONG KONG CHINESE WOMEN'S CLUB COLLEGE,2B TAI CHEONG STREET SAI WAN HO HONG KONG,114-13-11,22-16-60,840672,816043,CO-ED,WHOLE DAY,EASTERN
310042000133 ,Aided Secondary Schools,TAK NGA SECONDARY SCHOOL,"18 TAT CHEE AVENUE, YAU YAT CHUEN SHAMSHUIPO KOWLOON",114-10-31,22-19-49,836094,821242,GIRLS,WHOLE DAY,SHAM SHUI PO
510890000133 ,Aided Secondary Schools,METHODIST COLLEGE,50 GASCOIGNE ROAD (INCLUDING ANNEX BUILDING) & PORTION OF 42 GASCOIGNE ROAD KOWLOON,114-10-19,22-18-33,835760,818904,CO-ED,WHOLE DAY,YAU TSIM MONG
510831000133 ,Aided Secondary Schools,CCC KEI HEEP SECONDARY SCHOOL,161 TUNG TAU TSUEN ROAD WONG TAI SIN KOWLOON,114-11-36,22-20-19,837976,822172,CO-ED,WHOLE DAY,WONG TAI SIN
190764000133 ,Aided Secondary Schools,POK OI HOSPITAL CHAN KAI MEMORIAL COLL,LUNG HANG ESTATE SHATIN NEW TERRITORIES,114-10-41,22-21-58,836395,825221,CO-ED,WHOLE DAY,SHA TIN
191671000133 ,Aided Secondary Schools,YAN CHAI HOSPITAL NO. 2 SECONDARY SCHOOL,STANDARD SECONDARY SCHOOL AREA 31 TUEN MUN NEW TERRITORIES,113-57-58,22-23-23,814568,827849,CO-ED,WHOLE DAY,TUEN MUN
511030000233 ,Aided Secondary Schools,YING WA GIRLS' SCHOOL,"76 ROBINSON ROAD (REDEVELOPMENT PROGRAMME) &,101 CASTLE PEAK ROAD SHAM SHUI PO KOWLOON (DECANTING PREMISES)",114-9-44,22-20-1,834769.3,821623.5,GIRLS,WHOLE DAY,CENTRAL AND WESTERN
537152000233 ,Aided Secondary Schools,PO KOK SECONDARY SCHOOL,"9 CHOI MING STREET, CHOI MING COURT TSEUNG KWAN O NEW TERRITORIES",114-15-17,22-18-27,844290,818717,CO-ED,WHOLE DAY,SAI KUNG
530450000133 ,Aided Secondary Schools,POH 80TH ANNIVERSARY TANG YING HEI COLL,2 TONG YIN LANE TSEUNG KWAN O NEW TERRITORIES,114-15-31,22-18-31,844681,818859,CO-ED,WHOLE DAY,SAI KUNG
190500000133 ,Aided Secondary Schools,TWGH SC GAW MEMORIAL COLLEGE,"TSING SUM STREET TOWN CENTRE, TSING YI NEW TERRITORIES",114-6-7,22-21-10,828541.7,823731.1,CO-ED,WHOLE DAY,KWAI TSING
170720000133 ,Aided Secondary Schools,SKH KEI HAU SECONDARY SCHOOL,G/F-6/F AND ANNEX BLOCK 5 KAI TIN ROAD LAM TIN KOWLOON,114-14-7,22-18-20,842272.1,818525.4,CO-ED,WHOLE DAY,KWUN TONG
513407000133 ,Aided Secondary Schools,PUI YING SECONDARY SCHOOL,55 WAH FU ROAD POKFULAM HONG KONG,114-8-8,22-15-12,831998.2,812731.6,CO-ED,WHOLE DAY,SOUTHERN
510599000133 ,Aided Secondary Schools,SEMPLE MEMORIAL SECONDARY SCHOOL,18 SIU LUN STREET TUEN MUN NEW TERRITORIES,113-58-41,22-23-4,815784,827247,CO-ED,WHOLE DAY,TUEN MUN
190624000133 ,Aided Secondary Schools,TUEN MUN CATHOLIC SECONDARY SCHOOL,KIN SANG ESTATE TUEN MUN NEW TERRITORIES,113-58-16,22-24-23,815094,829692,CO-ED,WHOLE DAY,TUEN MUN
170550000133 ,Aided Secondary Schools,CHAN SUI KI (LA SALLE) COLLEGE,4 SHEUNG WO STREET HOMANTIN KOWLOON,114-11-0,22-19-10,836942,820051,BOYS,WHOLE DAY,KOWLOON CITY
510580000233 ,Aided Secondary Schools,PUI SHING CATHOLIC SECONDARY SCHOOL,"9 TIN HO ROAD TIN SHUI WAI , YUEN LONG NEW TERRITORIES",114-0-1,22-27-0,818080,834526,CO-ED,WHOLE DAY,YUEN LONG
170658000133 ,Aided Secondary Schools,SKH TSOI KUNG PO SECONDARY SCHOOL,101 CHUNG HAU STREET HOMANTIN KOWLOON,114-10-49,22-18-54,836624,819562,CO-ED,WHOLE DAY,KOWLOON CITY
190578000133 ,Aided Secondary Schools,TWGH LO KON TING MEMORIAL COLLEGE,G/F TO 4/F AND LABORATORIES AT 5/F ESTATE SECONDARY SCHOOL A (LOWER HALL) PHASE III LONG PING ESTATE YUEN LONG NEW TERRITORIES (INCLUDING ROOMS G21 G22 & G23),114-1-19,22-26-57,820333.5,834429.4,CO-ED,WHOLE DAY,YUEN LONG
170771000233 ,Aided Secondary Schools,ST FRANCIS OF ASSISI'S COLLEGE,"1 YAN SHING LANE, FANLING, NEW TERRITORIES",114-8-19,22-29-16,832322,838681,CO-ED,WHOLE DAY,NORTH
270202000133 ,Aided Secondary Schools,CCC TAM LEE LAI FUN MEMORIAL SEC SCH,10 SAN WO LANE SAN HUI TUEN MUN NEW TERRITORIES,113-58-38,22-24-13,815720.7,829383.1,CO-ED,WHOLE DAY,TUEN MUN
170305000133 ,Aided Secondary Schools,CCC MING KEI COLLEGE,16 OAK STREET TAI KOK TSUI KOWLOON,114-9-51,22-19-8,834965.9,819995.8,CO-ED,WHOLE DAY,YAU TSIM MONG
190241000133 ,Aided Secondary Schools,CCC KEI YUEN COLLEGE,FUNG YAU STREET EAST YUEN LONG NEW TERRITORIES,114-2-7,22-26-31,821703,833620,CO-ED,WHOLE DAY,YUEN LONG
170437000133 ,Aided Secondary Schools,LKWFSL LAU WONG FAT SECONDARY SCHOOL,66 SYCAMORE STREET TAI KOK TSUI KOWLOON,114-9-46,22-19-33,834804,820744,CO-ED,WHOLE DAY,YAU TSIM MONG
510912000133 ,Aided Secondary Schools,PUI CHING MIDDLE SCHOOL,20 PUI CHING ROAD KOWLOON CITY KOWLOON,114-10-38,22-19-3,836299.5,819845.3,CO-ED,WHOLE DAY,KOWLOON CITY
529990000233 ,Aided Secondary Schools,CNEC LAU WING SANG SECONDARY SCH,323 SAN HA STREET CHAI WAN HONG KONG,114-14-32,22-15-54,842995,814008,CO-ED,WHOLE DAY,EASTERN
190390000133 ,Aided Secondary Schools,TOI SHAN ASSOCIATION COLLEGE,10 YUEN CHAU KOK ROAD SHATIN NEW TERRITORIES,114-11-54,22-22-51,838473,826843,CO-ED,WHOLE DAY,SHA TIN
519006000133 ,Aided Secondary Schools,LIONS COLLEGE,"90 HING SHING ROAD, KWAI FONG KWAI CHUNG NEW TERRITORIES",114-7-28,22-21-35,830854,824503,CO-ED,WHOLE DAY,KWAI TSING
214990000133 ,Aided Secondary Schools,SKH LEUNG KWAI YEE SECONDARY SCHOOL,28 HIU MING STREET KWUN TONG KOWLOON,114-13-53,22-18-50,841872,819430,CO-ED,WHOLE DAY,KWUN TONG
190233000133 ,Aided Secondary Schools,STFA LEUNG KAU KUI COLLEGE,ESTATE SECONDARY SCHOOL NO. 6 ON TING ESTATE AREA 13 TUEN MUN NEW TERRITORIES,113-58-40,22-23-16,815778,827634,CO-ED,WHOLE DAY,TUEN MUN
210528000133 ,Aided Secondary Schools,SALESIAN ENGLISH SCHOOL,16 CHAI WAN ROAD SHAUKEIWAN HONG KONG,114-13-44,22-16-34,841633,815244,BOYS,WHOLE DAY,EASTERN
270024000133 ,Aided Secondary Schools,CMA SECONDARY SCHOOL,298 NAM CHEONG STREET PAK TIN KOWLOON,114-10-10,22-20-18,835509,822155,CO-ED,WHOLE DAY,SHAM SHUI PO
170690000133 ,Aided Secondary Schools,SKH LUI MING CHOI SECONDARY SCHOOL,2ND LOWER G/F FL - 6TH FLS WAH FU ESTATE 57 WAH FU ROAD POKFULAM HONG KONG,114-8-4,22-15-11,831887,812685,CO-ED,WHOLE DAY,SOUTHERN
170631000133 ,Aided Secondary Schools,TRUE LIGHT GIRLS' COLLEGE,54A WATERLOO ROAD KOWLOON,114-10-23,22-18-48,835884.8,819385.2,GIRLS,WHOLE DAY,YAU TSIM MONG
190560000133 ,Aided Secondary Schools,CARMEL DIVINE GRACE FOUNDATION SEC SCH,"PO LAM ESTATE TSEUNG KWAN O, NEW TERRITORIES",114-15-15,22-19-35,844238,820822,CO-ED,WHOLE DAY,SAI KUNG
190659000133 ,Aided Secondary Schools,POH TANG PUI KING MEMORIAL COLLEGE,"PHASE III, LONG PING ESTATE YUEN LONG NEW TERRITORIES",114-1-19,22-26-57,820319,834411,CO-ED,WHOLE DAY,YUEN LONG
190608000133 ,Aided Secondary Schools,BUDDHIST WAI YAN MEMORIAL COLLEGE,25 TAI HING TAI ROAD CHEUNG CHAU NEW TERRITORIES,114-1-34,2022/12/19,820710,807404,CO-ED,WHOLE DAY,ISLANDS
170534000133 ,Aided Secondary Schools,KIT SAM LAM BING YIM SECONDARY SCHOOL,9 FU MEI STREET WANG TAU HOM KOWLOON,114-11-7,22-20-28,837128,822456,GIRLS,WHOLE DAY,WONG TAI SIN
190780000133 ,Aided Secondary Schools,TSANG PIK SHAN SECONDARY SCHOOL,12 HANG KWONG STREET MA ON SHAN SHATIN NEW TERRITORIES,114-13-45,22-25-21,841663,831466,CO-ED,WHOLE DAY,SHA TIN
170313000133 ,Aided Secondary Schools,WA YING COLLEGE,8 SHEUNG WO STREET HOMANTIN KOWLOON,114-10-57,22-19-11,836859.4,820070.9,CO-ED,WHOLE DAY,KOWLOON CITY
210536000133 ,Aided Secondary Schools,MUNSANG COLLEGE,"8 DUMBARTON ROAD KOWLOON CITY KOWLOON (EXCLUDING BLOCK A-C BLOCK F D201-D202, D301-D302, D401-D402 AND D501-D502 AT BLOCK D G103 AT BLOCK G SPORTS GROUND & TRANSFORMER ROOM)",114-11-10,22-19-58,837224,821532,CO-ED,WHOLE DAY,KOWLOON CITY
132209000133 ,Aided Secondary Schools,TANG KING PO SCHOOL,16 TIN KWONG ROAD KOWLOON,114-11-5,22-19-13,837074,820156,BOYS,WHOLE DAY,KOWLOON CITY
170968000133 ,Aided Secondary Schools,SHUN LEE CATHOLIC SECONDARY SCHOOL,7 SHUN CHI STREET SHUN LEE ESTATE KWUN TONG KOWLOON & ROOMS 501-506 AT 5/F 7 SHUN CHI STREET SHUN LEE ESTATE KOWLOON,114-13-35,22-19-60,841367.8,821574.1,CO-ED,WHOLE DAY,KWUN TONG
170925000133 ,Aided Secondary Schools,NLSI LUI KWOK PAT FONG COLLEGE,102 TSUI PING ROAD (EXCLUDING 5/F STAFF QUARTERS) KWUN TONG KOWLOON,114-13-41,22-19-9,841537,820022,CO-ED,WHOLE DAY,KWUN TONG
170488000133 ,Aided Secondary Schools,ST PAUL'S SCHOOL (LAM TIN),10 ON TIN STREET LAM TIN KWUN TONG KOWLOON,114-14-14,22-18-31,842500,818857,GIRLS,WHOLE DAY,KWUN TONG
214590000133 ,Aided Secondary Schools,MAN KIU COLLEGE,81 CLOUD VIEW RD NORTH POINT HONG KONG,114-11-59,22-17-14,838618,816487,CO-ED,WHOLE DAY,EASTERN
152196000133 ,Aided Secondary Schools,TYYI MFBM NEI MING CHAN LCT MEM COLLEGE ,TIN SHUI ESTATE PHASE I TIN SHUI WAI YUEN LONG NEW TERRITORIES,113-59-47,22-27-23,817696,835220,CO-ED,WHOLE DAY,YUEN LONG
190179000133 ,Aided Secondary Schools,STFA TAM PAK YU COLLEGE,YAU OI ESTATE TUEN MUN NEW TERRITORIES,113-58-22,22-23-14,815237.5,827575.7,CO-ED,WHOLE DAY,TUEN MUN
512869000133 ,Aided Secondary Schools,MARYMOUNT SECONDARY SCHOOL,123 BLUE POOL ROAD HONG KONG,114-11-26,22-15-49,837666.4,813880,GIRLS,WHOLE DAY,WAN CHAI
270091000133 ,Aided Secondary Schools,TWGH YOW KAM YUEN COLLEGE,CITY ONE SHATIN NEW TERRITORIES,114-12-14,22-23-3,839048,827201,CO-ED,WHOLE DAY,SHA TIN
190667000133 ,Aided Secondary Schools,KWOK TAK SENG CATHOLIC SECONDARY SCHOOL,CHUN SHEK ESTATE SHATIN NEW TERRITORIES,114-11-14,22-22-21,837335,825926,CO-ED,WHOLE DAY,SHA TIN
170844000233 ,Aided Secondary Schools,ST JOSEPH'S ANGLO-CHINESE SCHOOL,46 NEW CLEAR WATER BAY ROAD KOWLOON,114-13-1,22-19-56,840397,821461,BOYS,WHOLE DAY,KWUN TONG
190209000133 ,Aided Secondary Schools,SKH LAM KAU MOW SECONDARY SCHOOL,10 TAK PO STREET CITY ONE SHATIN NEW TERRITORIES,114-12-16,22-23-4,839095,827248,CO-ED,WHOLE DAY,SHA TIN
514268000133 ,Aided Secondary Schools,ST STEPHEN'S GIRLS' COLLEGE,2 LYTTELTON ROAD HONG KONG,114-8-40,22-17-1,832916,816072.3,GIRLS,WHOLE DAY,CENTRAL AND WESTERN
513288000133 ,Aided Secondary Schools,POOI TO MIDDLE SCHOOL,2-8 INVERNESS ROAD KOWLOON,114-11-9,22-19-49,837177,821252,GIRLS,WHOLE DAY,KOWLOON CITY
170445000233 ,Aided Secondary Schools,SING YIN SECONDARY SCHOOL,38 NEW CLEAR WATER BAY ROAD KOWLOON (INCLUDING ROOF PLAYGROUND AT 4/F),114-12-55,22-19-54,840221,821414,BOYS,WHOLE DAY,KWUN TONG
230847000133 ,Aided Secondary Schools,LUI MING CHOI LUTHERAN COLLEGE,ESTATE SECONDARY SCHOOL NO 1 & 5/F CHEUNG SHAN ESTATE TSUEN WAN NEW TERRITORIES,114-7-43,22-22-41,831292.7,826543.6,CO-ED,WHOLE DAY,TSUEN WAN
322857000133 ,Aided Secondary Schools,NEW ASIA MIDDLE SCHOOL,6 FARM ROAD TOKWAWAN KOWLOON,114-11-10,22-19-15,837228,820204,CO-ED,WHOLE DAY,KOWLOON CITY
114111000133 ,Aided Secondary Schools,CNEC CHRISTIAN COLLEGE,6 LEI PUI STREET KWAI CHUNG NEW TERRITORIES,114-8-22,22-21-50,832417,824978,CO-ED,WHOLE DAY,KWAI TSING
190136000133 ,Aided Secondary Schools,TWGH MRS WU YORK YU MEMORIAL COLLEGE,13-21 ON CHIT STREET KWAI CHUNG NEW TERRITORIES,114-8-27,22-22-16,832561,825758,CO-ED,WHOLE DAY,KWAI TSING
170984000133 ,Aided Secondary Schools,NING PO NO.2 COLLEGE,ESTATE SECONDARY SCHOOL SHUN TIN ESTATE KWUN TONG KOWLOON,114-13-43,22-19-29,841595.8,820638.6,CO-ED,WHOLE DAY,KWUN TONG
524557000133 ,Aided Secondary Schools,CHRISTIAN ALLIANCE S W CHAN MEM COLL,"12, FAI MING ROAD, FANLING NEW TERRITORIES",114-8-16,22-28-53,832253,837987,CO-ED,WHOLE DAY,NORTH
524590000133 ,Aided Secondary Schools,FUKIEN SECONDARY SCHOOL (SIU SAI WAN),2 FU YEE ROAD SIU SAI WAN CHAI WAN HONG KONG,114-15-3,22-15-53,843879.7,813998.6,CO-ED,WHOLE DAY,EASTERN
518379000133 ,Aided Secondary Schools,FUNG KAI LIU MAN SHEK TONG SEC SCH,6 FUNG NAM ROAD SHEUNG SHUI NEW TERRITORIES,114-7-38,22-30-30,831158,840974,CO-ED,WHOLE DAY,NORTH
511307000133 ,Aided Secondary Schools,BUDDHIST WONG FUNG LING COLLEGE,11 EASTERN HOSPITAL ROAD & NEW WING SOOKUNPOO HONG KONG,114-11-25,22-16-34,837646.9,815240.8,CO-ED,WHOLE DAY,WAN CHAI
190799000133 ,Aided Secondary Schools,HO DAO COLL (SPONSORED BY SIK SIK YUEN),11 HUNG SHUN ROAD YUEN LONG NEW TERRITORIES,113-59-59,22-26-2,818023,832723,CO-ED,WHOLE DAY,YUEN LONG
190012000133 ,Aided Secondary Schools,"ST FRANCIS XAVIER'S SCHOOL, TSUEN WAN",60 - 64 HAM TIN STREET TSUEN WAN NEW TERRITORIES,114-7-2,22-22-7,830113,825484,BOYS,WHOLE DAY,TSUEN WAN
523305000133 ,Aided Secondary Schools,CARITAS MA ON SHAN SECONDARY SCHOOL,2 KAM YING ROAD MA ON SHAN SHATIN NEW TERRITORIES,114-14-20,22-25-32,842656,831812,CO-ED,WHOLE DAY,SHA TIN
190055000133 ,Aided Secondary Schools,SALESIANS OF DON BOSCO NG SIU MUI SEC SC,30 KWAI HOP STREET KWAI CHUNG NEW TERRITORIES,114-7-47,22-22-0,831416,825290,BOYS,WHOLE DAY,KWAI TSING
514047000133 ,Aided Secondary Schools,ST FRANCIS' CANOSSIAN COLLEGE,G/F-3/F ASSEMBLY HALL BLOCK 9-13 KENNEDY ROAD HONG KONG,114-10-8,22-16-29,835457,815106,GIRLS,WHOLE DAY,WAN CHAI
519162000133 ,Aided Secondary Schools,CARITAS CHAN CHUN HA FIELD STUDIES CTR,CC LOT NO 1139 LUNG TSAI TSUEN CHEUNG CHAU NEW TERRITORIES (EXCLUDING THE NON-SCHOOL PORTIONS),114-2-15,2022/12/27,821895,807645,CO-ED,WHOLE DAY,ISLANDS
512583000133 ,Aided Secondary Schools,LA SALLE COLLEGE,1/F & 2/F BASEMENTS & G/F-4/F 18 LA SALLE ROAD KOWLOON,114-10-56,22-19-44,836829,821108,BOYS,WHOLE DAY,KOWLOON CITY
190535000133 ,Aided Secondary Schools,LOK SIN TONG LEUNG CHIK WAI MEMORIAL SCH,CHEUNG HONG ESTATE TSING YI NEW TERRITORIES,114-5-52,22-21-2,828131,823486,CO-ED,WHOLE DAY,KWAI TSING
170186000133 ,Aided Secondary Schools,CHEUNG CHUK SHAN COLLEGE,11 CLOUD VIEW ROAD NORTH POINT HONG KONG,114-11-46,22-17-10,838242,816369,CO-ED,WHOLE DAY,EASTERN
517011000133 ,Aided Secondary Schools,TWGH KWOK YAT WAI COLLEGE,"3 TSUI SING ROAD TIN SHUI WAI, YUEN LONG NEW TERRITORIES",114-0-18,22-26-52,818575,834269,CO-ED,WHOLE DAY,YUEN LONG
530352000133 ,Aided Secondary Schools,NLSI PEACE EVANGELICAL SECONDARY SCHOOL,3 HANG KWAI STREET TUEN MUN NEW TERRITORIES,113-58-25,22-22-57,815328,827054,CO-ED,WHOLE DAY,TUEN MUN
113840000133 ,Aided Secondary Schools,CCC CHUEN YUEN COLLEGE,KWAI CHUNG ESTATE 15 SHEUNG KOK STREET KWAI CHUNG NEW TERRITORIES,114-7-41,22-22-7,831245,825484,CO-ED,WHOLE DAY,KWAI TSING
529761000133 ,Aided Secondary Schools,YLPMSAA TANG SIU TONG SECONDARY SCHOOL,"PING HA ROAD, AREA 3, TIN SHUI WAI YUEN LONG NEW TERRITORIES",114-0-6,22-26-49,818227,834171,CO-ED,WHOLE DAY,YUEN LONG
214965000133 ,Aided Secondary Schools,BUDDHIST YIP KEI NAM MEMORIAL COLLEGE,CHEUNG CHING ESTATE TSING YI NEW TERRITORIES,114-6-30,22-20-56,829206,823312,CO-ED,WHOLE DAY,KWAI TSING
511102000133 ,Aided Secondary Schools,ABERDEEN TECHNICAL SCHOOL,1 WONG CHUK HANG ROAD ABERDEEN HONG KONG,114-9-39,22-14-56,834607,812221,BOYS,WHOLE DAY,SOUTHERN
230472000133 ,Aided Secondary Schools,METHODIST LEE WAI LEE COLLEGE,2-4 KWAI YIP STREET KWAI CHUNG NEW TERRITORIES,114-7-40,22-21-56,831225,825145,CO-ED,WHOLE DAY,KWAI TSING
270067000133 ,Aided Secondary Schools,TEXTILE INT ACC WOO HON FAI SEC SCH,NO. 7 ON YIN STREET TSUEN WAN NEW TERRITORIES,114-6-22,22-22-38,828990,826452,CO-ED,WHOLE DAY,TSUEN WAN
514276000133 ,Aided Secondary Schools,ST TERESA SECONDARY SCHOOL,21 SHEUNG SHING STREET HOMANTIN KOWLOON,114-10-50,22-19-8,836651,819983,GIRLS,WHOLE DAY,KOWLOON CITY
130893000233 ,Aided Secondary Schools,KOWLOON TRUE LIGHT SCHOOL,"1 TRUE LIGHT LANE, SUFFOLK ROAD KOWLOON",114-10-32,22-20-18,836133,822144,GIRLS,WHOLE DAY,KOWLOON CITY
190020000133 ,Aided Secondary Schools,DE LA SALLE SECONDARY SCHOOL N T,KAM TSIN VILLAGE SHEUNG SHUI NEW TERRITORIES,114-6-39,22-30-6,829473,840228,CO-ED,WHOLE DAY,NORTH
190683000133 ,Aided Secondary Schools,HKTA THE YUEN YUEN INT NO.2 SEC SCH,FU SHIN ESTATE TAI PO NEW TERRITORIES,114-10-36,22-27-11,836235,834846,CO-ED,WHOLE DAY,TAI PO
113182000133 ,Aided Secondary Schools,CCC KEI SAN SECONDARY SCHOOL,8 WU TIP SHAN ROAD FANLING NEW TERRITORIES,114-8-6,22-29-25,831963,838981,CO-ED,WHOLE DAY,NORTH
190632000133 ,Aided Secondary Schools,QUEEN'S COLL OLD BOYS' ASSN SEC SCH,"CHEUNG ON ESTATE, PHASE I TSING YI NEW TERRITORIES",114-5-60,22-21-41,828350,824689,CO-ED,WHOLE DAY,KWAI TSING
560499000133 ,Aided Secondary Schools,CUMBERLAND PRESBYTN CH YAO DAO SEC SCH,28 HONG YIP STREET YUEN LONG NEW TERRITORIES,114-1-56,22-26-56,821386,834403,CO-ED,WHOLE DAY,YUEN LONG
545228000133 ,Aided Secondary Schools,CCC FONG YUN WAH SECONDARY SCHOOL,6 TIN YIP ROAD TIN SHUI WAI YUEN LONG NEW TERRITORIES (EXCLUDING CLASSROOM 101-106 401-406 AND 501-506 AFTER 6:00 PM),114-0-22,22-27-53,818687.9,836149.6,CO-ED,WHOLE DAY,YUEN LONG
230901000133 ,Aided Secondary Schools,HKSYC&IA CHAN NAM CHONG MEMORIAL COLL,CHO YIU ESTATE 12 KING CHO ROAD KWAI CHUNG NEW TERRITORIES,114-7-45,22-20-44,831356,822931,CO-ED,WHOLE DAY,KWAI TSING
170135000133 ,Aided Secondary Schools,NG WAH CATHOLIC SECONDARY SCHOOL,5 CHOI HUNG ROAD KOWLOON,114-11-43,22-19-58,838163.4,821528.1,BOYS,WHOLE DAY,WONG TAI SIN
213195000233 ,Aided Secondary Schools,ST STEPHEN'S CHURCH COLLEGE,71 BONHAM ROAD HONG KONG,114-8-17,22-17-6,832281.6,816221.5,CO-ED,WHOLE DAY,CENTRAL AND WESTERN
190462000133 ,Aided Secondary Schools,LIU PO SHAN MEMORIAL COLLEGE,STANDARD SECONDARY SCHOOL 22-66 WAI TSUEN ROAD TSUEN WAN NEW TERRITORIES,114-7-15,22-22-24,830493,826030,CO-ED,WHOLE DAY,TSUEN WAN
132764000133 ,Aided Secondary Schools,CHRIST COLLEGE,POK HONG ESTATE SHATIN NEW TERRITORIES,114-11-42,22-22-30,838141,826189,CO-ED,WHOLE DAY,SHA TIN
514330000133 ,Aided Secondary Schools,SAI KUNG SUNG TSUN CATH SCH (SECONDARY SECTION),BLOCKS A - E PO TUNG ROAD SAI KUNG NEW TERRITORIES (DD221 LOT 1762),114-16-11,22-22-59,845836.3,827088.9,CO-ED,WHOLE DAY,SAI KUNG
171018000133 ,Aided Secondary Schools,LOK SIN TONG LEUNG KAU KUI COLLEGE,28 HOSPITAL ROAD SAI YING POON HONG KONG,114-8-44,22-17-10,833052,816345,CO-ED,WHOLE DAY,CENTRAL AND WESTERN
530778000133 ,Aided Secondary Schools,CHING CHUNG HAU PO WOON SEC SCH,21 HANG FU STREET TUEN MUN NEW TERRITORIES,113-58-21,22-22-57,815219,827054,CO-ED,WHOLE DAY,TUEN MUN
522082000133 ,Aided Secondary Schools,ISLAMIC KASIM TUET MEMORIAL COLLEGE,22 TSUI WAN STREET CHAI WAN HONG KONG,114-14-24,22-15-60,842776,814192,CO-ED,WHOLE DAY,EASTERN
230898000133 ,Aided Secondary Schools,PO ON COMM ASSN WONG SIU CHING SEC SCH,2 TAI PA STREET TSUEN WAN NEW TERRITORIES,114-6-37,22-22-18,829423,825823,CO-ED,WHOLE DAY,TSUEN WAN
311103000233 ,Aided Secondary Schools,CHRISTIAN ALLIANCE COLLEGE,11 LEUNG CHOI LANE TUEN MUN NEW TERRITORIES,113-58-4,22-24-14,814736.2,829421,CO-ED,WHOLE DAY,TUEN MUN
170216000133 ,Aided Secondary Schools,CCC KWEI WAH SHAN COLLEGE,62 CLOUD VIEW ROAD NORTH POINT HONG KONG,114-11-59,22-17-12,838625,816420,CO-ED,WHOLE DAY,EASTERN
524549000133 ,Aided Secondary Schools,CHINA HOLINESS CHURCH LIVING SPIRIT COLL,1 TUNG LEUNG LANE TAI PO NEW TERRITORIES,114-10-26,22-27-24,835963,835248,CO-ED,WHOLE DAY,TAI PO
190527000233 ,Aided Secondary Schools,SHATIN TSUNG TSIN SECONDARY SCHOOL,1 MEI TIN ROAD TAI WAI SHATIN NEW TERRITORIES,114-10-30,22-22-12,836071,825643,CO-ED,WHOLE DAY,SHA TIN
512842000133 ,Aided Secondary Schools,MARYKNOLL SECONDARY SCHOOL,45 CHOI HA ROAD NGAU TAU KOK KWUN TONG KOWLOON,114-13-1,22-19-31,840384,820690,CO-ED,WHOLE DAY,KWUN TONG
170380000133 ,Aided Secondary Schools,YWCA HIOE TJO YOENG COLLEGE,6 SHEUNG WO STREET HOMANTIN KOWLOON,114-10-59,22-19-11,836910,820078,CO-ED,WHOLE DAY,KOWLOON CITY
313076000133 ,Aided Secondary Schools,NAM WAH CATHOLIC SECONDARY SCHOOL,5 WING MING STREET SHAMSHUIPO KOWLOON,114-9-4,22-20-26,833627,822396,CO-ED,WHOLE DAY,SHAM SHUI PO
270156000133 ,Aided Secondary Schools,CARITAS YL CHAN CHUN HA SEC SCH,66 SAI YU STREET (EXCLUDING ROOMS 014 & 015) YUEN LONG NEW TERRITORIES,114-1-35,22-26-29,820785.4,833546.4,CO-ED,WHOLE DAY,YUEN LONG
518387000133 ,Aided Secondary Schools,QES OLD STUDENTS' ASSOCIATION SEC SCH,18 TIN SHING ROAD TIN SHUI WAI YUEN LONG NEW TERRITORIES,114-0-13,22-27-34,818430.6,835566.9,CO-ED,WHOLE DAY,YUEN LONG
170780000133 ,Aided Secondary Schools,TWGH WONG FUNG LING COLLEGE,208 MA ON SHAN ROAD MA ON SHAN SHATIN NEW TERRITORIES,114-14-3,22-25-24,842158,831569,CO-ED,WHOLE DAY,SHA TIN
190381000133 ,Aided Secondary Schools,TWGH YAU TZE TIN MEM COLLEGE,SIU HONG COURT TUEN MUN NEW TERRITORIES,113-58-41,22-24-54,815792,830640,CO-ED,WHOLE DAY,TUEN MUN
285285000133 ,Aided Secondary Schools,CARITAS ST JOSEPH SEC SCH,10 FUNG SHUE WO ROAD TSING YI ESTATE TSING YI NEW TERRITORIES,114-6-11,22-21-24,828661,824163,CO-ED,WHOLE DAY,KWAI TSING
170410000133 ,Aided Secondary Schools,ST ANTONIUS GIRLS' COLLEGE,1 KO CHIU ROAD YAU TONG KOWLOON,114-14-19,22-18-3,842634,817986,GIRLS,WHOLE DAY,KWUN TONG
212725000133 ,Aided Secondary Schools,SKH TANG SHIU KIN SECONDARY SCHOOL,9 OI KWAN ROAD WANCHAI HONG KONG,114-10-42,22-16-33,836414,815231,CO-ED,WHOLE DAY,WAN CHAI
170607000133 ,Aided Secondary Schools,HOI PING CHAMBER OF COMMERCE SEC SCH,22 SHEK KU STREET HO MAN TIN KOWLOON,114-10-50,22-19-10,836643.4,820052,CO-ED,WHOLE DAY,KOWLOON CITY
170763000233 ,Aided Secondary Schools,CCC YENCHING COLLEGE,12 NGA YING CHAU STREET TSING YI,114-6-19,22-21-44,828894.8,824788.9,CO-ED,WHOLE DAY,KWAI TSING
552917000133 ,Aided Secondary Schools,HKFEW WONG CHO BAU SECONDARY SCHOOL,"FU TUNG ESTATE, TUNG CHUNG LANTAU ISLAND NEW TERRITORIES",113-56-40,22-17-17,812319,816586,CO-ED,WHOLE DAY,ISLANDS
545201000133 ,Aided Secondary Schools,HK & KLN KFWA SUN FONG CHUNG COLLEGE,"4643 TAI PO ROAD, TAI PO KAU TAI PO NEW TERRITORIES",114-11-48,22-25-51,838311,832384,CO-ED,WHOLE DAY,TAI PO
212636000133 ,Aided Secondary Schools,NOTRE DAME COLLEGE,51 SHING TAK STREET MA TAU WAI KOWLOON,114-11-16,22-19-28,837383,820612,CO-ED,WHOLE DAY,KOWLOON CITY
514020000133 ,Aided Secondary Schools,ST CLARE'S GIRLS' SCHOOL,50 MOUNT DAVIS ROAD HONG KONG,114-7-19,22-16-22,830618,814890,GIRLS,WHOLE DAY,CENTRAL AND WESTERN
170267000233 ,Aided Secondary Schools,ST PETER'S SECONDARY SCHOOL,"21 ABERDEEN RESERVOIR ROAD ABERDEEN, HONG KONG (EXCLUDING TWO ROOF PLAYGROUNDS)",114-9-21,22-15-5,834102,812507,CO-ED,WHOLE DAY,SOUTHERN
190071000133 ,Aided Secondary Schools,SKH ST SIMON'S LUI MING CHOI SEC SCH,85 HEUNG SZE WUI ROAD TUEN MUN NEW TERRITORIES,113-58-28,22-23-50,815424.3,828689.8,CO-ED,WHOLE DAY,TUEN MUN
114081000133 ,Aided Secondary Schools,POPE PAUL VI COLLEGE,8 LEI PUI STREET KWAI CHUNG NEW TERRITORIES,114-8-19,22-21-47,832338,824887,GIRLS,WHOLE DAY,KWAI TSING
230928000133 ,Aided Secondary Schools,JU CHING CHU SECONDARY SCHOOL (TUEN MUN),28 YEUNG TSING ROAD TUEN MUN NEW TERRITORIES,113-57-57,22-23-20,814523,827760,CO-ED,WHOLE DAY,TUEN MUN
513300000233 ,Aided Secondary Schools,PRECIOUS BLOOD SECONDARY SCHOOL,338 SAN HA STREET CHAI WAN HONG KONG,114-14-43,22-15-53,843310,813979,GIRLS,WHOLE DAY,EASTERN
211265000133 ,Aided Secondary Schools,RAIMONDI COLLEGE,2 ROBINSON ROAD HONG KONG,114-9-12,22-16-42,833841.4,815494.1,CO-ED,WHOLE DAY,CENTRAL AND WESTERN
131709000133 ,Aided Secondary Schools,OUR LADY'S COLLEGE,3 LUNG FUNG STREET WONG TAI SIN KOWLOON,114-11-48,22-20-42,838318.9,822887.3,GIRLS,WHOLE DAY,WONG TAI SIN
214957000133 ,Aided Secondary Schools,MISSION COVENANT CHURCH HOLM GLAD COLL,26 HIU MING STREET KWUN TONG KOWLOON,114-13-53,22-18-51,841886,819474,CO-ED,WHOLE DAY,KWUN TONG
511170000133 ,Aided Secondary Schools,BETHEL HIGH SCHOOL,"11, 4TH STREET, SECTION F FAIRVIEW PARK YUEN LONG NEW TERRITORIES",114-2-59,22-28-33,823193,837386,CO-ED,WHOLE DAY,YUEN LONG
518310000133 ,Aided Secondary Schools,MA ON SHAN ST JOSEPH'S SECONDARY SCHOOL,8 HANG KWONG STREET MA ON SHAN SHATIN NEW TERRITORIES,114-13-49,22-25-17,841753,831353,CO-ED,WHOLE DAY,SHA TIN
190756000133 ,Aided Secondary Schools,LOK SIN TONG YOUNG KO HSIAO LIN SEC SCH,LUNG HANG ESTATE SHATIN NEW TERRITORIES,114-10-39,22-21-59,836343,825248,CO-ED,WHOLE DAY,SHA TIN
190330000133 ,Aided Secondary Schools,PLK LEE SHING PIK COLLEGE,"12 - 20 ON YIN STREET TSUEN KING CIRCUIT CHAI WAN KOK, TSUEN WAN NEW TERRITORIES",114-6-21,22-22-41,828957,826531,CO-ED,WHOLE DAY,TSUEN WAN
514144000233 ,Aided Secondary Schools,SKH ST MARY'S CHURCH MOK HING YIU COL,1 HOI LAI STREET SHAM SHUI PO KOWLOON,114-8-52,22-19-53,833279,821367,CO-ED,WHOLE DAY,SHAM SHUI PO
170364000133 ,Aided Secondary Schools,HO LAP COLL,15 TSEUK LUK STREET KOWLOON,114-11-45,22-20-12,838207.9,821970.4,CO-ED,WHOLE DAY,WONG TAI SIN
190870000133 ,Aided Secondary Schools,TIN KA PING SECONDARY SCHOOL,1 WAI HON ROAD FANLING NEW TERRITORIES,114-7-52,22-29-40,831560,839432,CO-ED,WHOLE DAY,NORTH
560480000133 ,Aided Secondary Schools,QESOSA TONG KWOK WAH SECONDARY SCHOOL,"57 TIN WAH ROAD TIN SHUI WAI, YUEN LONG NEW TERRITORIES",114-0-22,22-27-45,818704,835914,CO-ED,WHOLE DAY,YUEN LONG
190616000133 ,Aided Secondary Schools,CHIU CHOW ASSOCIATION SECONDARY SCHOOL,HENG ON ESTATE MA ON SHAN SHATIN NEW TERRITORIES,114-13-48,22-25-0,841745,830826,CO-ED,WHOLE DAY,SHA TIN
190748000133 ,Aided Secondary Schools,BUDDHIST TAI KWONG CHI HONG COLLEGE,4 CHUI YI STREET TAI PO NEW TERRITORIES,114-9-48,22-27-12,834867,834865,CO-ED,WHOLE DAY,TAI PO
522155000133 ,Aided Secondary Schools,WELLINGTON ED ORG CHANG PUI CHUNG MEM SC,3 WAN LUNG ROAD TSEUNG KWAN O NEW TERRITORIES,114-15-31,22-19-10,844682,820059,CO-ED,WHOLE DAY,SAI KUNG
190098000133 ,Aided Secondary Schools,HO FUNG COLL (SPONSORED BY SIK SIK YUEN),448 WO YI HOP ROAD KWAI CHUNG NEW TERRITORIES,114-8-7,22-22-50,831984.7,826825.8,CO-ED,WHOLE DAY,TSUEN WAN
190853000233 ,Aided Secondary Schools,KING LING COLLEGE,1 LAM SHING ROAD TSEUNG KWAN O NEW TERRITORIES,114-15-12,22-19-5,844152,819901,CO-ED,WHOLE DAY,SAI KUNG
270130000133 ,Aided Secondary Schools,CCC FUNG LEUNG KIT MEMORIAL SEC SCH,22 PLOVER COVE ROAD TAI PO NEW TERRITORIES,114-10-23,22-26-53,835878,834288,CO-ED,WHOLE DAY,TAI PO
211516000133 ,Aided Secondary Schools,ROSARYHILL SCHOOL,41B STUBBS ROAD HONG KONG,114-10-58,22-15-49,836865.6,813878.7,CO-ED,WHOLE DAY,WAN CHAI
170470000133 ,Aided Secondary Schools,CCC HEEP WOH COLLEGE,171 PO KONG VILLAGE ROAD TSZ WAN SHAN KOWLOON,114-12-17,22-20-49,839132.2,823080.4,CO-ED,WHOLE DAY,WONG TAI SIN
530034000133 ,Aided Secondary Schools,FANLING RHENISH CHURCH SECONDARY SCHOOL,"1 LUEN YICK STREET, LUEN WO MARKET FANLING NEW TERRITORIES",114-8-32,22-29-49,832693,839696,CO-ED,WHOLE DAY,NORTH
170321000133 ,Aided Secondary Schools,"ST CATHARINE'S SCH FOR GIRLS, KWUN TONG",26 HONG LEE ROAD KWUN TONG KOWLOON,114-13-11,22-19-9,840675,820033,GIRLS,WHOLE DAY,KWUN TONG
190225000133 ,Aided Secondary Schools,CNEC LEE I YAO MEMORIAL SECONDARY SCHOOL,1 SHING FUK STREET KWAI SHING NEW TERRITORIES,114-7-17,22-21-33,830551,824462,CO-ED,WHOLE DAY,KWAI TSING
170100000133 ,Aided Secondary Schools,BISHOP HALL JUBILEE SCHOOL,2C OXFORD ROAD KOWLOON TONG KOWLOON,114-10-52,22-19-47,836713,821191,CO-ED,WHOLE DAY,KOWLOON CITY
170496000133 ,Aided Secondary Schools,TAK OI SECONDARY SCHOOL,8 TSZ WAN SHAN ROAD TSZ WAN SHAN KOWLOON,114-12-16,22-20-51,839100,823160,GIRLS,WHOLE DAY,WONG TAI SIN
212318000133 ,Aided Secondary Schools,AOG HEBRON SECONDARY SCHOOL,PO NGA COURT TAI PO NEW TERRITORIES,114-9-34,22-27-1,834460,834544,CO-ED,WHOLE DAY,TAI PO
530018000133 ,Aided Secondary Schools,MUNSANG COLLEGE (HONG KONG ISLAND),26 TAI ON STREET SAI WAN HO HONG KONG,114-13-28,22-16-59,841169,816022,CO-ED,WHOLE DAY,EASTERN
270075000133 ,Aided Secondary Schools,CMA CHOI CHEUNG KOK SECONDARY SCHOOL,NO 1 TSING HOI CIRCUIT TUEN MUN NEW TERRITORIES,113-58-45,22-23-23,815915,827836,CO-ED,WHOLE DAY,TUEN MUN
190292000133 ,Aided Secondary Schools,TWGH SUN HOI DIRECTORS' COLLEGE,G/F TO 4/F & LABORATORIES (INCLUDING 3 STAFF ROOMS AT G/F) ROOMS 25 -27 STUDENT ACTIVITY CENTRE AND 2 INTERVIEW ROOMS AT 5/F ESTATE SECONDARY SCHOOL NO 1 PHASE I WU KING ESTATE AREA 28 TUEN MUN N T,113-57-56,22-22-31,814497.4,826234.9,CO-ED,WHOLE DAY,TUEN MUN
190080000133 ,Aided Secondary Schools,SKH BISHOP MOK SAU TSENG SEC SCH,26 WAN TAU KOK LANE TAI PO NEW TERRITORIES,114-10-12,22-26-45,835560,834040,CO-ED,WHOLE DAY,TAI PO
133078000133 ,Aided Secondary Schools,LOCK TAO SECONDARY SCHOOL,MEI LAM ESTATE TAI WAI SHATIN NEW TERRITORIES,114-10-29,22-22-49,836040.2,826776.7,CO-ED,WHOLE DAY,SHA TIN
170208000133 ,Aided Secondary Schools,RHENISH CHURCH PANG HOK-KO MEMORIAL COLL,30 HEREFORD ROAD KOWLOON TONG KOWLOON,114-10-59,22-20-4,836909.9,821694.9,CO-ED,WHOLE DAY,KOWLOON CITY
524816000133 ,Aided Secondary Schools,MKMCF MA CHAN DUEN HEY MEM COLLEGE,2 WAN LUNG ROAD TSEUNG KWAN O NEW TERRITORIES,114-15-26,22-19-12,844539,820098,CO-ED,WHOLE DAY,SAI KUNG
536539000133 ,Aided Secondary Schools,FANLING KAU YAN COLLEGE,3 YAN SHING LANE FANLING NEW TERRITORIES,114-8-18,22-29-18,832305,838741,CO-ED,WHOLE DAY,NORTH
170569000133 ,Aided Secondary Schools,HOLY FAMILY CANOSSIAN COLLEGE,33 INVERNESS ROAD KOWLOON,114-11-8,22-20-4,837169.8,821705.3,GIRLS,WHOLE DAY,KOWLOON CITY
170615000133 ,Aided Secondary Schools,SAN WUI COMMERCIAL SOC CHAN PAK SHA SCH,1 SHUM WAN ROAD ABERDEEN HONG KONG,114-9-59,22-14-44,835184,811854,CO-ED,WHOLE DAY,SOUTHERN
518395000133 ,Aided Secondary Schools,SKH LI FOOK HING SECONDARY SCHOOL,TSUI WAN ESTATE TSUI WAN STREET CHAI WAN HONG KONG,114-14-26,22-16-1,842831,814236,CO-ED,WHOLE DAY,EASTERN
530247000133 ,Aided Secondary Schools,C&MA SUN KEI SECONDARY SCHOOL,6 TONG CHUN STREET TSEUNG KWAN O NEW TERRITORIES,114-15-35,22-18-36,844806,818997,CO-ED,WHOLE DAY,SAI KUNG
170097000133 ,Aided Secondary Schools,CCC MING YIN COLLEGE,1 WAI CHI STREET SHEK KIP MEI KOWLOON,114-10-7,22-19-55,835413,821422,CO-ED,WHOLE DAY,SHAM SHUI PO
270148000133 ,Aided Secondary Schools,CARITAS FANLING CHAN CHUN HA SEC SCH,28 SAN WAN ROAD FANLING NEW TERRITORIES,114-8-32,22-29-29,832696,839075,CO-ED,WHOLE DAY,NORTH
190519000133 ,Aided Secondary Schools,GCC&ITKD LAU PAK LOK SEC SCH,1 CHIK TAI LANE TAI WAI SHATIN NEW TERRITORIES,114-10-32,22-22-22,836138,825945,CO-ED,WHOLE DAY,SHA TIN
512281000133 ,Aided Secondary Schools,CCC KEI CHI SECONDARY SCHOOL,20 SHUI NING STREET KWUN TONG KOWLOON,114-13-28,22-19-1,841174,819761,CO-ED,WHOLE DAY,KWUN TONG
214426000133 ,Aided Secondary Schools,PENTECOSTAL SCHOOL,14 PERTH STREET KOWLOON,114-10-52,22-19-17,836699.4,820251.9,CO-ED,WHOLE DAY,KOWLOON CITY
514110000233 ,Aided Secondary Schools,ST MARK'S SCHOOL,18 OI YIN STREET ALDRICH BAY SHAUKEIWAN HONG KONG,114-13-36,22-16-53,841397,815829.4,CO-ED,WHOLE DAY,EASTERN
320609000133 ,Aided Secondary Schools,STEWARDS POOI TUN SECONDARY SCHOOL,162 HAMMER HILL ROAD WONG TAI SIN KOWLOON,114-12-29,22-20-25,839486.9,822350.8,CO-ED,WHOLE DAY,WONG TAI SIN
170372000133 ,Aided Secondary Schools,BUDDHIST TAI HUNG COLLEGE,"38 CHEUNG FAT STREET, SO UK SHAMSHUIPO KOWLOON",114-9-29,22-20-25,834337.4,822344.1,CO-ED,WHOLE DAY,SHAM SHUI PO
170577000133 ,Aided Secondary Schools,HKSYC&IA WONG TAI SHAN MEM COLL,250 NAM CHEONG STREET SHEK KIP MEI SHAMSHUIPO KOWLOON,114-10-7,22-20-5,835411,821734,CO-ED,WHOLE DAY,SHAM SHUI PO
230430000133 ,Aided Secondary Schools,KIANGSU-CHEKIANG COLLEGE (KWAI CHUNG),83 HING SHING ROAD KWAI CHUNG NEW TERRITORIES,114-7-38,22-21-41,831148,824703,CO-ED,WHOLE DAY,KWAI TSING
519162000233 ,Aided Secondary Schools,CARITAS CHAN CHUN HA FIELD STUDIES CTR,"CHI MA HANG ROAD, CHI MA HANG CHEUNG CHAU NEW TERRITORIES",114-2-15,2022/12/27,821895,807645,CO-ED,WHOLE DAY,ISLANDS
230936000133 ,Aided Secondary Schools,JU CHING CHU SEC SCH (KWAI CHUNG),1-11 ON CHIT STREET KWAI CHUNG NEW TERRITORIES,114-8-27,22-22-13,832548,825671,CO-ED,WHOLE DAY,KWAI TSING
190470000133 ,Aided Secondary Schools,SKH BISHOP BAKER SECONDARY SCHOOL,FUNG YAU STREET SOUTH YUEN LONG NEW TERRITORIES (INCLUDING ROOMS G3 G4 & G5),114-2-5,22-26-29,821644.9,833554.5,CO-ED,WHOLE DAY,YUEN LONG
519111000233 ,Aided Secondary Schools,PO LEUNG KUK TONG NAI KAN JUNIOR SECONDARY COLLEGE,11 MEI LAI ROAD SHAMSHUIPO KOWLOON,114-8-27,22-20-21,832555,822224,CO-ED,WHOLE DAY,SHAM SHUI PO
135968000233 ,Aided Secondary Schools,CARMEL SECONDARY SCHOOL,55 CHUNG HAU STREET HOMANTIN KOWLOON,114-10-47,22-18-37,836556,819021,CO-ED,WHOLE DAY,KOWLOON CITY
316628000133 ,Aided Secondary Schools,CATHOLIC MING YUEN SECONDARY SCHOOL,STANDARD SCHOOL NO. 1 HAU TAK ESTATE PHASE I TSEUNG KWAN O SAI KUNG NEW TERRITORIES,114-15-51,22-19-4,845258,819862,CO-ED,WHOLE DAY,SAI KUNG
213764000133 ,Aided Secondary Schools,KOWLOON TONG SCHOOL (SECONDARY SECTION),10 SURREY LANE KOWLOON TONG KOWLOON,114-10-33,22-19-43,836162,821077,CO-ED,WHOLE DAY,KOWLOON CITY
211990000233 ,Aided Secondary Schools,CCC KEI TO SEC SCH,28 SUNG ON STREET TOKWAWAN KOWLOON,114-11-25,22-18-49,837661,819403,CO-ED,WHOLE DAY,KOWLOON CITY
529656000133 ,Aided Secondary Schools,LING LIANG CHURCH M H LAU SECONDARY SCH,3 YUNG YI ROAD TAI PO NEW TERRITORIES,114-10-39,22-26-25,836336,833426,CO-ED,WHOLE DAY,TAI PO
514101000133 ,Aided Secondary Schools,ST LOUIS SCHOOL,179 THIRD STREET HONG KONG,114-8-15,22-17-10,832216,816346,BOYS,WHOLE DAY,CENTRAL AND WESTERN
311863000133 ,Aided Secondary Schools,HK AND MACAU LU CH QUEEN MAUD SEC SCH,PHASE 3 HAU TAK ESTATE TSEUNG KWAN O NEW TERRITORIES,114-16-2,22-19-3,845580.6,819831.3,CO-ED,WHOLE DAY,SAI KUNG
135712000133 ,Aided Secondary Schools,ELCHK LUTHERAN SECONDARY SCHOOL,52 WATERLOO ROAD KOWLOON,114-10-20,22-18-47,835776,819354,CO-ED,WHOLE DAY,YAU TSIM MONG
522074000233 ,Aided Secondary Schools,HO YU COLL & PRI (SPON BY SIK SIK YUEN),"4-6, KIN TUNG ROAD TUNG CHUNG NEW TERRITORIES",113-56-57,22-17-38,812810,817234,CO-ED,WHOLE DAY,ISLANDS
512710000133 ,Aided Secondary Schools,LOK SIN TONG WONG CHUNG MING SEC SCH,161 LOK SIN ROAD KOWLOON,114-11-40,22-20-2,838085,821650,CO-ED,WHOLE DAY,WONG TAI SIN
284939000133 ,Aided Secondary Schools,COTTON SPINNERS ASSOCIATION SEC SCHOOL,BLOCKS A B C & HALL BLOCK 350 KWAI SHING CIRCUIT KWAI CHUNG NEW TERRITORIES,114-7-45,22-21-45,831347.1,824826.2,CO-ED,WHOLE DAY,KWAI TSING
190420000133 ,Aided Secondary Schools,HKTA TANG HIN MEMORIAL SECONDARY SCHOOL,CHOI YUEN ESTATE SHEUNG SHUI NEW TERRITORIES,114-7-44,22-29-58,831336,839978,CO-ED,WHOLE DAY,NORTH
170526000133 ,Aided Secondary Schools,CHONG GENE HANG COLLEGE,12 CHEUNG MAN ROAD CHAI WAN HONG KONG,114-14-14,22-16-4,842487.1,814334.1,BOYS,WHOLE DAY,EASTERN
190721000133 ,Aided Secondary Schools,SKH CHAN YOUNG SECONDARY SCHOOL,6 CHI CHEONG ROAD SHEUNG SHUI NEW TERRITORIES,114-7-58,22-30-4,831725,840156,CO-ED,WHOLE DAY,NORTH
190489000133 ,Aided Secondary Schools,PO LEUNG KUK LO KIT SING (1983) COLLEGE,CHEUNG HONG ESTATE TSING YI NEW TERRITORIES,114-6-13,22-20-57,828724,823355,CO-ED,WHOLE DAY,KWAI TSING
230910000133 ,Aided Secondary Schools,AD&FDPOHL LEUNG SING TAK COLLEGE,ESTATE SECONDARY SCHOOL NO 2 SHEK WAI KOK ESTATE TSUEN WAN NEW TERRITORIES,114-7-33,22-22-35,831014,826348,CO-ED,WHOLE DAY,TSUEN WAN
190888000233 ,Aided Secondary Schools,HKMA K S LO COLLEGE,"26 TIN PAK ROAD TIN SHUI WAI, YUEN LONG NEW TERRITORIES",114-0-24,22-27-28,818760,835389,CO-ED,WHOLE DAY,YUEN LONG
170089000133 ,Aided Secondary Schools,TUNG WAH GROUP OF HOSPITALS WONG FUT NAM COLLEGE,"1C OXFORD ROAD, KOWLOON TONG, KOWLOON",114-10-48,22-19-45,836592.1,821125.5,CO-ED,WHOLE DAY,KOWLOON CITY
214973000133 ,Aided Secondary Schools,BUDDHIST HUNG SEAN CHAU MEMORIAL COLLEGE,10 PING TING ROAD HAMMER HILL KOWLOON,114-12-29,22-20-18,839487,822153,CO-ED,WHOLE DAY,WONG TAI SIN
190446000133 ,Aided Secondary Schools,SALEM-IMMANUEL LUTHERAN COLLEGE,TAI YUEN ESTATE TAI PO NEW TERRITORIES,114-10-0,22-27-20,835226,835111,CO-ED,WHOLE DAY,TAI PO
132918000133 ,Aided Secondary Schools,PAOC KA CHI SECONDARY SCHOOL,273 WU CHUI ROAD TUEN MUN NEW TERRITORIES,113-58-12,22-22-24,814950,826037,CO-ED,WHOLE DAY,TUEN MUN
190802000133 ,Aided Secondary Schools,HKCWC FUNG YIU KING MEM SEC SCH,10 HANG KWONG STREET MA ON SHAN SHATIN NEW TERRITORIES,114-13-48,22-25-20,841736,831420,CO-ED,WHOLE DAY,SHA TIN
170852000233 ,Aided Secondary Schools,TACK CHING GIRLS' SECONDARY SCHOOL,9 HING WAH STREET WEST & ROOMS 513 514 515 & 516 5/F SHAMSHUIPO KOWLOON,114-8-59,22-19-55,833464.1,821436.6,GIRLS,WHOLE DAY,SHAM SHUI PO
230421000133 ,Aided Secondary Schools,HKTA THE YUEN YUEN INT NO.1 SEC SCH,42 WO YI HOP ROAD KWAI CHUNG NEW TERRITORIES,114-8-17,22-21-59,832259,825259,CO-ED,WHOLE DAY,KWAI TSING
190705000133 ,Aided Secondary Schools,JOCKEY CLUB TI-I COLLEGE,LOK KING STREET FO TAN SHATIN NEW TERRITORIES,114-11-53,22-23-32,838447,828116,CO-ED,WHOLE DAY,SHA TIN
230839000133 ,Aided Secondary Schools,SHATIN PUI YING COLLEGE,WO CHE ESTATE 9 FUNG SHUN STREET SHATIN NEW TERRITORIES,114-11-40,22-23-21,838077,827780,CO-ED,WHOLE DAY,SHA TIN
170704000133 ,Aided Secondary Schools,CCC MONG MAN WAI COLLEGE,20 HIU MING STREET KWUN TONG KOWLOON,114-13-50,22-18-58,841788,819676,CO-ED,WHOLE DAY,KWUN TONG
535761000133 ,Aided Secondary Schools,CUHKFAA CHAN CHUN HA SECONDARY SCHOOL,632 SAI SHA ROAD MA ON SHAN SHATIN NEW TERRITORIES,114-13-36,22-25-24,841381,831565,CO-ED,WHOLE DAY,SHA TIN
510203000133 ,Aided Secondary Schools,SACRED HEART CANOSSIAN COLLEGE,LG/F - 6/F 2 CHI FU CLOSE CHI FU FA YUEN POKFULAM HONG KONG (EXCLUDING CHAPEL & QUARTERS),114-8-19,22-15-27,832313.8,813182.4,GIRLS,WHOLE DAY,SOUTHERN
190772000133 ,Aided Secondary Schools,MA ON SHAN TSUNG TSIN SECONDARY SCHOOL,"5 HANG SHUN STREET MA ON SHAN, SHATIN NEW TERRITORIES",114-13-21,22-24-21,840959,829606,CO-ED,WHOLE DAY,SHA TIN
230510000133 ,Aided Secondary Schools,YUEN LONG MERCHANTS ASSOCIATION SEC SCH,20 FUNG NIN ROAD YUEN LONG NEW TERRITORIES,114-1-27,22-26-37,820549,833805,CO-ED,WHOLE DAY,YUEN LONG
190810000133 ,Aided Secondary Schools,CONFUCIAN TAI SHING HO KWOK PUI CHUN COL,AREA 17 FU SHIN ESTATE TAI PO NEW TERRITORIES,114-10-34,22-27-20,836186,835111,CO-ED,WHOLE DAY,TAI PO
513997000133 ,Aided Secondary Schools,SHENG KUNG HUI ST BENEDICT'S SCHOOL,CHOI HUNG ESTATE 11 LAM CHUNG AVENUE WONG TAI SIN KOWLOON,114-12-22,22-20-7,839271,821804,CO-ED,WHOLE DAY,WONG TAI SIN
518409000133 ,Aided Secondary Schools,YCH LAN CHI PAT MEMORIAL SECONDARY SCH,10 YUK NGA LANE TSEUNG KWAN O NEW TERRITORIES,114-15-17,22-19-28,844274,820614,CO-ED,WHOLE DAY,SAI KUNG
214477000133 ,Aided Secondary Schools,NING PO COLLEGE,7 KUNG LOK ROAD KWUN TONG KOWLOON,114-13-20,22-18-60,840934,819733,CO-ED,WHOLE DAY,KWUN TONG
518360000133 ,Aided Secondary Schools,BAPTIST WING LUNG SECONDARY SCHOOL,"TAI HING GARDENS, PHASE II 6A HO HING CIRCUIT TUEN MUN NEW TERRITORIES",113-58-17,22-23-56,815096,828861,CO-ED,WHOLE DAY,TUEN MUN
260312000133 ,Aided Secondary Schools,HONG KONG SEA SCHOOL,13 - 15 TUNG TAU WAN ROAD STANLEY HONG KONG,114-12-53,22-13-6,840167.7,808850,BOYS,WHOLE DAY,SOUTHERN
230758000133 ,Aided Secondary Schools,LINGNAN DR CHUNG WING KWONG MEM SEC SCH,ESTATE SECONDARY SCHOOL NO 2 LAI KING ESTATE KWAI CHUNG NEW TERRITORIES,114-7-39,22-21-11,831196,823762,CO-ED,WHOLE DAY,KWAI TSING
230120000133 ,Aided Secondary Schools,CCC HOH FUK TONG COLLEGE,"28 CASTLE PEAK ROAD, SAN HUI TUEN MUN NEW TERRITORIES",113-58-42,22-23-46,815822,828556,CO-ED,WHOLE DAY,TUEN MUN
545147000133 ,Aided Secondary Schools,LING LIANG CHURCH E WUN SEC SCH,37 MAN TUNG ROAD TUNG CHUNG NEW TERRITORIES,113-56-41,22-17-25,812337,816849,CO-ED,WHOLE DAY,ISLANDS
213195000133 ,Aided Secondary Schools,ST STEPHEN'S CHURCH COLLEGE,"62 POKFULAM ROAD POKFULAM, HONG KONG",114-8-18,22-17-7,832284,816255,CO-ED,WHOLE DAY,CENTRAL AND WESTERN
230774000133 ,Aided Secondary Schools,PLK CENTENARY LI SHIU CHUNG MEM COLL,ESTATE SECONDARY SCHOOL NO 2 AND 5/F AND NEW ANNEX TAI HING ESTATE TUEN MUN NEW TERRITORIES,113-58-10,22-24-14,814911.4,829402.4,CO-ED,WHOLE DAY,TUEN MUN
510998000133 ,Aided Secondary Schools,ST PAUL'S SECONDARY SCHOOL,"18A, VENTRIS ROAD HAPPY VALLEY HONG KONG",114-11-5,22-16-21,837079,814849,GIRLS,WHOLE DAY,WAN CHAI
512605000133 ,Aided Secondary Schools,LAI CHACK MIDDLE SCHOOL,180 CANTON ROAD TSIMSHATSUI KOWLOON,114-10-6,22-18-5,835385,818062,CO-ED,WHOLE DAY,YAU TSIM MONG
511650000133 ,Aided Secondary Schools,CCC ROTARY SECONDARY SCHOOL,157 LUNG CHEUNG ROAD WONG TAI SIN KOWLOON,114-11-19,22-20-30,837478,822509,CO-ED,WHOLE DAY,WONG TAI SIN
213705000133 ,Aided Secondary Schools,HONG KONG TANG KING PO COLLEGE,25 & 27 KENNEDY ROAD HONG KONG,114-10-17,22-16-26,835707,815009,BOYS,WHOLE DAY,WAN CHAI
170666000133 ,Aided Secondary Schools,SKH HOLY TRINITY CHURCH SECONDARY SCHOOL,G/F-5/F & 6/F (RECREATION ROOM ONLY) 2 HAU MAN STREET OI MAN ESTATE KOWLOON,114-10-48,22-18-38,836577,819074,CO-ED,WHOLE DAY,KOWLOON CITY
190438000133 ,Aided Secondary Schools,PENTECOSTAL LAM HON KWONG SCHOOL,YUE TIN COURT SHATIN NEW TERRITORIES,114-12-9,22-23-5,838893,827270,CO-ED,WHOLE DAY,SHA TIN
214752000133 ,Aided Secondary Schools,COGNITIO COLLEGE (KOWLOON),96 KING FUK STREET SAN PO KONG KOWLOON,114-11-52,22-20-3,838426,821675,CO-ED,WHOLE DAY,WONG TAI SIN
190284000133 ,Aided Secondary Schools,LUI CHEUNG KWONG LUTHERAN COLLEGE,G/F - 4/F 2 LABORATORIES 1 GENERAL PURPOSE ROOM CLASSROOMS 501-503 STUDENT ACTIVITY CENTRE AND 2 INTERVIEW ROOMS AT 5/F ESTATE SECONDARY SCHOOL NO 5 ON TING ESTATE TUEN MUN N T,113-58-41,22-23-18,815796.4,827686.6,CO-ED,WHOLE DAY,TUEN MUN
190349000133 ,Aided Secondary Schools,PLK YAO LING SUN COLLEGE,ESTATE SECONDARY SCHOOL NO 3 SHEK WAI KOK ESTATE TSUEN WAN NEW TERRITORIES,114-7-25,22-22-26,830769,826078,CO-ED,WHOLE DAY,TSUEN WAN
512141000233 ,Aided Secondary Schools,HONG KONG TRUE LIGHT COLLEGE,1 LEI TUNG ESTATE ROAD APLEICHAU HONG KONG,114-9-29,22-14-34,834342,811549,GIRLS,WHOLE DAY,SOUTHERN
133469000133 ,Aided Secondary Schools,ST JOAN OF ARC SECONDARY SCHOOL,55 BRAEMAR HILL ROAD NORTH POINT HONG KONG,114-11-57,22-16-57,838577.5,815961.5,BOYS,WHOLE DAY,EASTERN
282758000233 ,Aided Secondary Schools,CARITAS CHONG YUET MING SEC SCH,"53 WAH FU ROAD, WAH FU ESTATE, POKFULAM HONG KONG",114-8-7,22-15-11,831985,812687,CO-ED,WHOLE DAY,SOUTHERN
270040000133 ,Aided Secondary Schools,CARITAS CHAI WAN MARDEN FDN SEC SCH,330 SAN HA STREET WORKSHOP BLOCK CLASSROOM BLOCK (EXCLUDING ROOMS 201A 201B 205 & 206 ON G/F) & HALL BLOCK (EXCLUDING ROOMS 311 & 312 ON 1/F) HONG KONG,114-14-37,22-15-53,843148,813981,CO-ED,WHOLE DAY,EASTERN
171042000233 ,Aided Secondary Schools,LINGNAN SECONDARY SCHOOL,"6 SHING HONG LANE, HENG FA CHUEN HONG KONG",114-14-20,22-16-47,842673,815643,CO-ED,WHOLE DAY,EASTERN
170585000133 ,Aided Secondary Schools,SALVATION ARMY WILLIAM BOOTH SEC SCH,100 YUK WAH STREET TSZ WAN SHAN KOWLOON,114-12-21,22-20-49,839238,823094,CO-ED,WHOLE DAY,WONG TAI SIN
284955000133 ,Aided Secondary Schools,HK SKH BISHOP HALL SECONDARY SCHOOL,82 HIU KWONG STREET SAU MAU PING KOWLOON,114-14-1,22-18-52,842120,819486,BOYS,WHOLE DAY,KWUN TONG
170143000133 ,Aided Secondary Schools,LEE KAU YAN MEMORIAL SCHOOL,NKIL 4644 SAN PO KONG KOWLOON,114-11-41,22-19-55,838109,821432,CO-ED,WHOLE DAY,WONG TAI SIN
527467000233 ,Aided Secondary Schools,CHI LIN BUDDHIST SECONDARY SCHOOL,9 CHI LIN DRIVE DIAMOND HILL KOWLOON,114-12-23,22-20-25,839311,822357,CO-ED,WHOLE DAY,WONG TAI SIN
190195000133 ,Aided Secondary Schools,IMMACULATE HEART OF MARY COLLEGE,4 JAT MIN CHUEN STREET JAT MIN CHUEN SHATIN NEW TERRITORIES,114-11-31,22-22-34,837829.3,826308.9,CO-ED,WHOLE DAY,SHA TIN
170046000133 ,Aided Secondary Schools,CHOI HUNG ESTATE CATHOLIC SEC SCH,CHOI HUNG ESTATE 1 TSE WAI AVENUE WONG TAI SIN KOWLOON,114-12-25,22-20-7,839358.9,821793.8,BOYS,WHOLE DAY,WONG TAI SIN
170518000133 ,Aided Secondary Schools,KWUN TONG MARYKNOLL COLLEGE,100 TSUI PING ROAD KWUN TONG KOWLOON,114-13-41,22-19-7,841553.9,819955.8,BOYS,WHOLE DAY,KWUN TONG
230782000133 ,Aided Secondary Schools,BUDDHIST SUM HEUNG LAM MEMORIAL COLLEGE,G/F - 4/F AND ROOMS 610 - 616 & 2 LABORATORIES AT 5/F ESTATE SECONDARY SCHOOL NO 1 TAI HING ESTATE 3 LEUNG CHOI LANE TUEN MUN NEW TERRITORIES (INCLUDING TWO PREFABRICATED ROOMS AT THE OPEN PLAYGROUND OF G/F),113-58-7,22-24-12,814827.5,829361.6,CO-ED,WHOLE DAY,TUEN MUN
524808000133 ,Aided Secondary Schools,HKTA THE YUEN YUEN INT NO 3 SEC SCH,2 TONG MING STREET SHEUNG TAK ESTATE TSEUNG KWAN O NEW TERRITORIES,114-15-25,22-18-42,844515.5,819204.1,CO-ED,WHOLE DAY,SAI KUNG
230464000133 ,Aided Secondary Schools,SHI HUI WEN SECONDARY SCHOOL,2 LEUNG CHOI LANE TUEN MUN NEW TERRITORIES,113-58-10,22-24-17,814908,829495,CO-ED,WHOLE DAY,TUEN MUN
213209000133 ,Aided Secondary Schools,YU CHUN KEUNG MEMORIAL COLLEGE,27 MAN FUK ROAD WATERLOO HILL HOMANTIN KOWLOON,114-10-43,22-19-7,836447,819959,BOYS,WHOLE DAY,KOWLOON CITY
151335000133 ,Aided Secondary Schools,ELCHK YL LUTHERAN SECONDARY SCHOOL,"TIN YIU ESTATE TIN SHUI WAI , YUEN LONG NEW TERRITORIES",114-0-14,22-27-7,818468,834717,CO-ED,WHOLE DAY,YUEN LONG
170593000133 ,Aided Secondary Schools,STFA SEAWARD WOO COLLEGE,22 PERTH STREET HOMANTIN KOWLOON,114-10-57,22-19-21,836839,820388,CO-ED,WHOLE DAY,KOWLOON CITY
190152000133 ,Aided Secondary Schools,CHENG CHEK CHEE SEC SCH OF SK&HH DIST NT,8 CHUK KOK ROAD CHUK KOK SAI KUNG NEW TERRITORIES & SPORTS GROUND AT HIRAM'S HIGHWAY SAI KUNG NEW TERRITORIES,114-15-27,22-20-34,844584.1,822646.1,CO-ED,WHOLE DAY,SAI KUNG
514802000133 ,Aided Secondary Schools,"WAH YAN COLLEGE, HONG KONG",281 QUEEN'S ROAD EAST WANCHAI HONG KONG,114-10-35,22-16-28,836221,815051,BOYS,WHOLE DAY,WAN CHAI
113794000133 ,Aided Secondary Schools,DMHC SIU MING CATHOLIC SEC SCH,6 KWAI YIP STREET KWAI CHUNG NEW TERRITORIES,114-7-43,22-21-55,831287,825131,GIRLS,WHOLE DAY,KWAI TSING
517020000133 ,Aided Secondary Schools,PLK MA KAM MING COLLEGE,38 WAH MING ROAD FANLING NEW TERRITORIES,114-8-29,22-28-54,832617,838016,CO-ED,WHOLE DAY,NORTH
530689000133 ,Aided Secondary Schools,ST ROSE OF LIMA'S COLLEGE,29 NGAN SHING STREET SHATIN NEW TERRITORIES,114-12-15,22-22-50,839074,826828,GIRLS,WHOLE DAY,SHA TIN
170801000233 ,Aided Secondary Schools,GERTRUDE SIMON LUTHERAN COLLEGE,1 TOWN PARK ROAD NORTH YUEN LONG NEW TERRITORIES,114-1-10,22-26-26,820072,833479,CO-ED,WHOLE DAY,YUEN LONG
190357000133 ,Aided Secondary Schools,CARMEL ALISON LAM FOUNDATION SEC SCH,4 WAH KING HILL ROAD KWAI CHUNG NEW TERRITORIES,114-8-1,22-21-3,831823,823523,CO-ED,WHOLE DAY,KWAI TSING
190411000133 ,Aided Secondary Schools,CARMEL BUNNAN TONG MEMORIAL SEC SCH,ESTATE SECONDARY SCHOOL NO 2 PHASE I AND 5/F WU KING ESTATE AREA 28 TUEN MUN NEW TERITTORIES,113-57-54,22-22-33,814435.9,826303.6,CO-ED,WHOLE DAY,TUEN MUN
210129000133 ,Aided Secondary Schools,KAU YAN COLLEGE,FU SHIN ESTATE TAI PO NEW TERRITORIES,114-10-36,22-27-21,836245,835145,CO-ED,WHOLE DAY,TAI PO
170623000133 ,Aided Secondary Schools,TWGH CHANG MING THIEN COLLEGE,300 NAM CHEONG STREET SHAMSHUIPO KOWLOON,114-10-8,22-20-19,835456,822176,CO-ED,WHOLE DAY,SHAM SHUI PO
